HEADER,Raster Number, RF Direction,Polarization,Date,Time,
,0,Rx,Horizontal,2019/03/06,21:25:53
position BS1 -10.000, position BS2 -10.000, position RT1 0.000
AO settings empty
HEADER,Raster Number, RF Direction,Polarization,Date,Time,
,1,Rx,Horizontal,2019/03/06,21:25:55
position BS1 -9.000, position BS2 -9.000, position RT1 0.000
AO settings - 3.5363,5.0972,0.1190,3.2042,5.4927,4.7972,5.1603,2.6613,4.9067,2.0584,3.4416,3.4931,0.5669,0.2919,0.0970,0.9320,1.0323,2.4858,1.7309,0.1757,1.1245,1.1556,2.5259,2.8322,2.7354,3.6214,3.6853,4.1751,0.8395,2.1471,5.5242,4.9760,3.1627,2.0112,5.6991,1.1423,1.4658,3.6577,3.8780,1.1760,5.8734,3.4831,2.2767,0.5201,5.9065,5.7553,4.3294,5.6894,0.5279,1.7466,5.0338,3.1499,3.3682,5.6680,1.1624,0.5711,0.6526,3.1968,2.8295,5.3685,4.6664,0.0778,2.8826,3.4578
HEADER,Raster Number, RF Direction,Polarization,Date,Time,
,1,Rx,Horizontal,2019/03/06,21:25:56
position BS1 -9.000, position BS2 -9.000, position RT1 0.000
AO settings - 1.8790,4.5510,3.2861,2.8753,2.4642,3.1025,3.0055,2.6629,3.5229,4.5966,2.9798,1.9998,4.7479,3.1207,3.7924,3.4347,0.6526,2.8633,2.8362,0.5823,0.7339,4.6082,3.6757,3.5318,3.3867,1.3472,1.3984,1.2116,1.3800,0.5764,2.8865,2.7839,4.5814,1.5231,4.6191,1.7572,2.3964,5.6509,1.9456,5.1623,1.8909,1.1403,4.5951,4.4922,1.5782,1.4507,5.8032,1.7405,1.1475,5.5370,1.5500,0.4277,2.9982,5.7244,5.0059,1.0404,0.2373,0.2175,4.3234,4.3411,5.3448,4.4050,4.5546,5.2700
HEADER,Raster Number, RF Direction,Polarization,Date,Time,
,1,Rx,Horizontal,2019/03/06,21:25:56
position BS1 -9.000, position BS2 -9.000, position RT1 0.000
AO settings - 3.2838,4.8719,2.8336,4.0096,0.7251,3.2789,5.1966,3.0841,1.9658,1.0502,2.0789,3.4092,5.6171,0.4069,4.6645,3.8823,1.7008,0.2759,1.2970,1.7158,2.5239,4.3201,5.6543,4.7177,0.3883,1.8102,5.0016,1.1666,0.5437,3.9843,1.9824,4.8547,5.7481,0.4651,3.6128,0.0708,2.1659,5.9096,3.6096,2.3266,1.0474,2.1552,0.1627,3.7254,0.8716,0.9555,2.4161,0.5905,4.5644,4.0390,1.0269,1.1627,0.7330,3.6361,0.4819,2.1202,4.1595,5.7298,4.4133,1.6450,2.1685,0.4763,0.9261,0.0472
HEADER,Raster Number, RF Direction,Polarization,Date,Time,
,1,Rx,Horizontal,2019/03/06,21:25:57
position BS1 -9.000, position BS2 -9.000, position RT1 0.000
AO settings - 1.3096,0.7487,5.7156,4.7984,3.5297,0.0247,1.9699,2.8006,5.4344,5.1034,5.1175,2.2134,2.3119,4.2757,3.1216,0.6925,3.7645,1.1017,0.0402,0.1804,2.0014,5.7418,0.6335,3.4006,2.7551,5.0230,5.3259,0.5771,0.4240,1.6986,0.8899,0.2241,4.1276,0.2504,3.7017,2.8059,2.5577,4.3263,0.0875,5.8865,1.0289,4.2582,2.9203,0.4567,0.3867,2.7250,0.1295,2.4371,3.5038,4.5405,2.7752,0.3589,5.7586,0.2146,3.9491,2.5767,5.8102,4.1012,1.9012,4.9780,5.5821,0.6278,2.3968,2.3104
HEADER,Raster Number, RF Direction,Polarization,Date,Time,
,1,Rx,Horizontal,2019/03/06,21:25:57
position BS1 -9.000, position BS2 -9.000, position RT1 0.000
AO settings - 1.0354,3.1719,3.9010,1.9594,1.9677,2.7046,1.1844,1.5909,2.3182,1.5580,5.3581,0.9312,4.3594,1.1207,4.7947,0.1356,0.8832,3.1225,4.6030,1.9828,2.9421,0.3634,3.6272,1.9711,0.0676,0.1214,2.3436,0.0201,3.5525,2.4372,4.6566,3.7998,4.9911,1.1067,0.9954,2.5708,0.9857,2.0468,3.0271,0.5769,0.1615,1.6981,1.4044,0.8339,5.9689,1.2027,3.2808,0.5850,1.3801,3.4291,5.6280,3.8376,1.4067,1.4915,1.1180,1.4595,1.5586,4.5183,1.7068,2.6479,3.3864,4.9442,3.8181,4.9986
HEADER,Raster Number, RF Direction,Polarization,Date,Time,
,1,Rx,Horizontal,2019/03/06,21:25:58
position BS1 -9.000, position BS2 -9.000, position RT1 0.000
AO settings - 4.3247,3.5196,4.2594,3.8971,3.3547,3.9250,5.6985,5.0485,1.9280,4.1590,3.8964,0.2943,1.4160,0.6161,3.2706,5.5611,4.6326,0.5683,2.2840,3.2372,5.9609,5.9551,3.0009,0.6621,5.5326,4.6993,3.7831,2.8111,1.2261,3.5948,0.4268,3.3744,2.0015,4.6214,1.2957,5.5971,2.8782,5.2911,2.5474,5.5477,3.0038,4.6234,1.8545,0.5497,4.7054,2.4194,3.3013,3.8254,2.7766,3.4723,3.6410,5.9540,2.3521,2.8697,4.7413,3.6370,4.8595,5.0688,1.0985,3.7916,3.7446,0.9160,4.6754,4.4109
HEADER,Raster Number, RF Direction,Polarization,Date,Time,
,1,Rx,Horizontal,2019/03/06,21:25:59
position BS1 -9.000, position BS2 -9.000, position RT1 0.000
AO settings - 0.1964,0.3601,2.2230,5.3225,3.0027,3.9452,5.1948,5.6175,0.8581,3.3184,2.5226,3.9095,3.5600,5.2533,0.3979,4.0012,1.7549,2.8958,4.6653,1.2382,4.0950,5.8169,3.1493,5.3575,5.8118,5.9928,3.6438,5.2438,2.0561,3.8113,0.8967,3.4843,1.7824,4.4495,5.4945,4.8854,2.9946,1.2475,0.0634,1.7576,1.4927,2.8476,3.1744,1.5259,2.2147,5.3330,5.7374,1.0871,4.1298,1.7649,5.9073,3.0200,3.2719,3.7823,2.4656,4.2890,3.8183,0.7818,4.3116,3.9339,3.3627,1.3491,3.5636,1.5350
HEADER,Raster Number, RF Direction,Polarization,Date,Time,
,1,Rx,Horizontal,2019/03/06,21:25:59
position BS1 -9.000, position BS2 -9.000, position RT1 0.000
AO settings - 2.4678,2.4911,1.7878,5.0178,3.5462,3.5490,1.8196,0.3322,1.0786,5.2067,5.5398,4.1903,0.2675,2.7748,3.7888,2.1163,1.3818,5.6824,2.1057,4.3494,4.9083,3.6852,1.1523,2.7288,5.9681,0.9396,1.8729,5.8952,4.2070,3.0585,2.5678,5.2139,3.3602,5.2018,4.6512,5.3363,5.4657,4.2855,3.9290,1.8431,0.1640,1.3672,4.2754,2.2296,0.8285,1.8588,0.4822,1.9551,4.1686,3.6130,1.8921,0.2046,1.4327,0.6919,3.2189,4.5602,5.9054,3.6119,4.5116,1.9867,5.4610,4.1586,3.5016,1.1553
HEADER,Raster Number, RF Direction,Polarization,Date,Time,
,1,Rx,Horizontal,2019/03/06,21:26:00
position BS1 -9.000, position BS2 -9.000, position RT1 0.000
AO settings - 4.5879,2.1322,5.7529,5.5964,1.2013,4.6757,2.1300,1.3255,0.2212,1.9238,1.5790,5.5349,3.1551,4.4843,2.2619,0.5900,3.2501,0.2749,4.2718,2.4060,0.2888,3.3629,0.4290,5.0240,4.0464,2.2974,3.0945,0.9574,1.3415,5.1863,4.9947,3.3808,0.5244,5.1707,0.8250,2.3058,0.1090,1.3002,1.9143,5.2735,2.2177,3.5356,1.6208,5.6484,3.7558,0.3326,2.4676,3.2780,2.4955,5.1944,1.0088,5.5971,3.4698,5.3725,3.8755,5.1847,1.7664,0.3282,0.6290,3.8310,1.7703,5.7576,0.9559,2.2297
HEADER,Raster Number, RF Direction,Polarization,Date,Time,
,1,Rx,Horizontal,2019/03/06,21:26:00
position BS1 -9.000, position BS2 -9.000, position RT1 0.000
AO settings - 3.6132,4.5618,5.6086,0.5862,4.2883,4.4335,0.1816,4.1465,0.3537,1.7707,0.6178,3.5899,4.7913,1.8142,3.4806,1.2232,1.5222,1.9606,4.1613,1.7844,0.6722,4.3361,3.9063,0.2788,2.9128,4.5882,5.7040,1.9464,5.5057,0.1668,2.7636,5.8236,1.3398,2.5432,2.7982,4.9091,3.9464,0.4008,4.3632,3.7255,3.5275,2.3175,1.7143,4.6885,2.4728,3.3326,0.1216,5.8335,2.1878,4.6730,0.1567,1.5371,0.3123,2.2480,0.1569,2.6360,4.6959,0.3192,2.8276,3.3100,0.6840,0.9480,5.8425,1.3854
HEADER,Raster Number, RF Direction,Polarization,Date,Time,
,1,Rx,Horizontal,2019/03/06,21:26:01
position BS1 -9.000, position BS2 -9.000, position RT1 0.000
AO settings - 2.6694,5.2213,3.0978,0.6904,2.9139,3.3917,2.1201,4.8685,0.4205,0.4227,4.4293,5.5611,3.5547,2.2268,5.6997,4.0529,5.0966,2.6881,3.5721,3.2115,2.8912,3.8303,1.8478,4.9241,2.0933,2.3049,1.4626,1.3167,3.3303,2.4353,4.5542,0.4598,4.0538,2.1348,5.8788,0.2214,2.1249,5.5901,4.2029,1.0990,1.1820,3.9653,1.0849,0.4778,0.1529,2.7769,5.0525,5.7148,0.4219,5.5165,0.5452,5.7019,0.3838,0.2841,1.7251,1.7248,3.6174,2.1673,5.9099,1.9923,4.8853,3.9823,2.3568,0.8097
HEADER,Raster Number, RF Direction,Polarization,Date,Time,
,1,Rx,Horizontal,2019/03/06,21:26:02
position BS1 -9.000, position BS2 -9.000, position RT1 0.000
AO settings - 4.2201,3.7513,5.8393,0.5143,3.2006,0.9844,4.5989,5.5617,5.9423,5.8786,1.3123,3.2533,5.5303,3.7494,4.2074,0.5779,1.1243,5.8087,4.8084,3.7256,4.4795,2.0377,5.6089,1.7562,0.9131,2.2687,4.9535,5.2712,2.4001,3.6466,3.2727,3.4784,5.4723,1.7528,5.6365,2.5682,4.4565,0.4452,5.9851,5.2915,3.1131,4.2890,5.6175,2.7993,1.4206,1.3475,0.3787,1.0658,4.0216,0.6836,2.7921,2.3811,3.7329,3.3626,5.8654,5.2591,5.3779,3.0268,2.1917,4.8116,4.2728,2.2485,2.7828,1.0241
HEADER,Raster Number, RF Direction,Polarization,Date,Time,
,1,Rx,Horizontal,2019/03/06,21:26:02
position BS1 -9.000, position BS2 -9.000, position RT1 0.000
AO settings - 2.8086,3.0325,2.8795,0.4035,3.0991,5.5097,3.3828,1.8264,0.8488,5.0586,1.2091,5.7167,4.5038,0.5104,2.1990,4.9959,3.3142,0.0211,1.6765,0.1880,5.4317,4.4951,1.3934,4.5743,3.7818,2.4989,2.4157,1.8167,3.6664,4.0856,0.8305,4.4029,3.2470,4.5611,3.0868,0.0355,2.7306,2.6726,1.8368,0.2541,5.3934,1.0381,1.2231,2.3230,4.7998,5.2659,1.9105,2.8814,2.5972,5.5479,0.8657,5.1584,2.6067,0.7857,2.2407,3.2480,0.5207,5.4614,2.8531,5.9364,2.5826,0.8764,0.9826,0.4016
HEADER,Raster Number, RF Direction,Polarization,Date,Time,
,1,Rx,Horizontal,2019/03/06,21:26:03
position BS1 -9.000, position BS2 -9.000, position RT1 0.000
AO settings - 4.2360,3.7242,4.6884,2.7014,2.4375,5.3868,1.8354,0.7284,1.8658,3.4933,3.3293,0.5960,3.5198,4.8711,2.1636,0.8272,5.2160,1.9712,5.4862,2.2998,4.7144,1.2258,3.2017,5.7072,0.3169,5.2430,4.3611,3.7872,2.5855,2.1642,5.5023,1.4199,1.7370,5.2986,0.5866,3.8868,5.9469,5.3907,1.9001,0.9199,2.7899,1.7244,0.8701,2.5811,1.4421,4.9129,3.1205,3.5465,0.4179,4.3950,4.8272,1.5115,1.9037,0.7104,5.3362,3.2008,0.6533,0.2054,3.7364,3.9032,0.2573,5.7670,3.4355,5.6527
HEADER,Raster Number, RF Direction,Polarization,Date,Time,
,1,Rx,Horizontal,2019/03/06,21:26:03
position BS1 -9.000, position BS2 -9.000, position RT1 0.000
AO settings - 3.5602,5.9485,1.4078,5.9592,1.9467,1.5451,5.4547,0.5663,4.8389,1.4698,2.8642,3.9072,1.0778,2.4568,3.0868,4.2194,4.0776,0.6275,2.9579,1.0022,2.6932,0.5485,5.3605,4.8591,0.8385,4.9922,1.3402,3.0808,5.5801,0.7907,5.1636,1.7465,3.2274,3.8327,2.7984,3.1106,1.5876,1.8484,3.6683,0.9493,3.8376,1.5132,4.4184,0.9095,1.1521,5.4695,3.8561,1.7280,2.4723,1.0908,1.0614,1.9487,2.1830,3.1915,4.7557,2.4068,3.2704,2.3943,1.2185,0.6414,4.9571,1.8890,2.0924,2.0266
HEADER,Raster Number, RF Direction,Polarization,Date,Time,
,1,Rx,Horizontal,2019/03/06,21:26:04
position BS1 -9.000, position BS2 -9.000, position RT1 0.000
AO settings - 4.3844,0.1473,4.7178,3.6304,0.6288,3.8122,2.0310,4.9142,0.5553,1.8887,0.5892,3.1188,2.5809,3.4233,2.8474,0.4141,1.1001,0.0629,0.1892,0.9574,0.0539,4.2277,3.0763,2.5252,5.1470,4.1521,2.8823,1.2170,0.0675,5.3719,2.2794,3.7263,4.9483,5.6094,5.7360,1.9853,5.2661,2.0756,0.1235,3.4718,2.6542,4.0759,4.0766,1.2862,5.4273,3.1721,0.7620,1.5360,4.4886,4.8811,1.1658,0.4727,4.0413,4.7503,2.4646,3.7892,4.9706,3.6620,2.4996,4.0793,2.1764,5.9262,4.7989,5.4736
HEADER,Raster Number, RF Direction,Polarization,Date,Time,
,1,Rx,Horizontal,2019/03/06,21:26:05
position BS1 -9.000, position BS2 -9.000, position RT1 0.000
AO settings - 1.9178,5.2966,3.6553,4.6663,0.3395,3.8790,3.6067,5.5586,2.7340,5.9195,3.2647,5.4175,3.9661,0.0183,5.2705,0.4749,0.4735,0.9954,1.2959,3.5440,0.0876,5.9649,4.4191,1.2523,5.0509,5.8289,4.9061,5.4479,2.7738,5.9390,2.5229,1.9080,1.6008,4.6558,4.2625,5.3293,1.0852,4.7238,1.0930,0.0532,3.0131,4.5043,2.4113,3.9960,0.6127,0.8304,5.7460,2.1508,3.3451,4.7477,5.2062,5.4882,0.7698,3.0068,5.9018,4.3906,3.2340,1.2648,0.9879,1.4855,2.5373,4.4652,5.3505,1.8506
HEADER,Raster Number, RF Direction,Polarization,Date,Time,
,1,Rx,Horizontal,2019/03/06,21:26:05
position BS1 -9.000, position BS2 -9.000, position RT1 0.000
AO settings - 5.0319,0.5508,0.2472,4.6422,2.5305,1.9406,4.9822,0.6246,4.7162,0.1630,3.4426,2.9081,1.6905,0.2508,4.3168,0.5681,2.8861,3.0637,0.1330,4.1854,2.2550,3.0014,5.2235,2.4898,4.5384,2.3043,4.3210,2.7804,4.7889,2.2577,0.2000,0.6379,3.8310,1.9998,4.6831,3.9606,5.2124,5.1077,0.6688,5.4111,4.0814,2.9881,2.8084,5.9424,3.2888,5.9557,5.3014,4.9326,0.4033,4.1363,3.2550,0.5579,4.4966,4.5726,5.0993,2.1502,0.0007,5.1082,3.5314,1.5007,5.3142,2.1778,0.6665,1.7673
HEADER,Raster Number, RF Direction,Polarization,Date,Time,
,1,Rx,Horizontal,2019/03/06,21:26:06
position BS1 -9.000, position BS2 -9.000, position RT1 0.000
AO settings - 5.1267,2.7135,2.0776,1.1674,5.4704,3.1965,0.8090,0.8826,1.7412,3.1807,0.3561,1.1357,2.0004,2.3106,1.2626,2.1809,3.8559,1.3751,4.8409,3.7675,4.0974,1.0855,2.1653,4.4833,3.4540,0.4009,5.7641,3.9203,0.9792,3.2883,4.2118,5.0355,1.9950,3.4367,0.3302,3.2784,4.6854,5.2994,5.5010,2.8473,5.0950,4.5852,4.9077,0.5556,1.8245,0.3896,3.9575,5.6326,4.6671,5.3563,3.3358,4.3099,1.4307,4.0148,4.3371,3.3131,1.9931,1.2174,3.6080,0.0000,3.1956,0.0327,2.4662,4.5464
HEADER,Raster Number, RF Direction,Polarization,Date,Time,
,1,Rx,Horizontal,2019/03/06,21:26:06
position BS1 -9.000, position BS2 -9.000, position RT1 0.000
AO settings - 1.9976,2.4230,3.9234,1.5343,2.4215,5.8978,3.0320,4.2769,4.6703,2.0885,4.1959,5.5184,5.8701,3.9015,4.7294,5.9924,1.5446,2.6293,0.1386,4.5579,4.5276,2.1647,5.1445,4.1847,2.2574,0.3382,1.0433,2.1561,5.8138,3.2533,5.3155,5.5966,1.6053,4.9008,1.7026,3.7392,1.9125,3.6114,5.9992,3.7762,5.2542,2.8042,4.3299,0.4148,4.8991,3.3744,1.9330,1.6545,1.8992,5.7303,3.3180,0.9449,2.3776,3.4191,4.9011,2.8289,0.7984,4.8813,2.9233,0.7279,0.0075,4.4111,3.7679,4.4210
HEADER,Raster Number, RF Direction,Polarization,Date,Time,
,1,Rx,Horizontal,2019/03/06,21:26:07
position BS1 -9.000, position BS2 -9.000, position RT1 0.000
AO settings - 3.2962,0.2758,0.0316,4.3028,1.1245,1.6963,1.0835,0.1766,5.4856,3.5674,1.8904,0.6996,1.3084,3.0362,3.5750,3.4403,2.6751,0.4476,1.0030,0.6356,3.5900,3.8353,3.9616,3.4875,3.4424,0.9415,5.4476,2.0900,1.1436,3.3024,3.1041,1.3802,3.9925,4.8282,5.6587,2.4373,2.2430,1.5333,2.4724,2.1195,3.7731,2.0616,0.5118,5.4633,1.8475,2.9330,4.7251,1.4216,3.8028,5.5430,1.2174,1.9932,2.3301,3.3268,4.3670,1.7719,1.8419,1.0333,1.3714,1.5522,0.2585,2.7762,5.3597,5.6821
HEADER,Raster Number, RF Direction,Polarization,Date,Time,
,1,Rx,Horizontal,2019/03/06,21:26:08
position BS1 -9.000, position BS2 -9.000, position RT1 0.000
AO settings - 5.9926,1.6279,0.7228,4.6523,5.3043,2.3395,3.4324,2.0727,3.1761,5.1096,4.7715,4.9085,0.5222,4.2696,4.2111,1.7895,4.5975,2.2426,4.3438,3.1181,3.9819,2.8998,2.4732,4.4564,3.2336,0.1942,2.0265,1.7509,2.4355,5.3445,1.0779,1.6936,0.9890,1.8005,0.1088,1.6965,4.5010,0.1868,4.8103,5.2630,4.3139,0.8210,2.8285,4.7761,3.3555,1.4572,4.0826,0.5994,5.9015,3.7829,2.8621,2.6820,3.1180,3.8550,0.1846,3.2200,5.4305,0.2490,5.4155,0.3518,3.5198,4.8941,4.1065,1.8552
HEADER,Raster Number, RF Direction,Polarization,Date,Time,
,1,Rx,Horizontal,2019/03/06,21:26:08
position BS1 -9.000, position BS2 -9.000, position RT1 0.000
AO settings - 0.3869,1.5818,5.2717,5.8611,1.7051,1.1029,3.7945,4.5813,1.3669,2.1698,3.5574,1.6285,5.7045,5.2721,4.5706,5.1674,3.7578,4.2380,5.2068,5.1284,0.3793,0.6243,5.2246,0.7457,5.5224,1.1384,4.3381,5.1861,1.1281,4.1314,2.4388,5.1777,2.1618,4.9689,4.9739,2.6886,3.4387,0.5001,4.6170,5.8343,0.7957,2.0956,3.3613,5.4285,5.0659,0.1945,5.6113,1.8636,0.4196,0.3781,1.8587,0.7889,3.3345,2.5539,4.3500,4.9278,0.6097,1.3715,1.7653,4.9110,0.3829,1.4888,0.4320,5.4773
HEADER,Raster Number, RF Direction,Polarization,Date,Time,
,1,Rx,Horizontal,2019/03/06,21:26:09
position BS1 -9.000, position BS2 -9.000, position RT1 0.000
AO settings - 0.5455,2.3527,1.8252,2.9937,3.4382,5.3131,5.3120,4.5875,2.0595,1.8213,0.4254,5.8862,1.6506,4.4536,0.4555,4.8797,2.0943,4.3145,4.0404,3.5017,5.9153,3.7927,1.9014,5.0706,3.5828,4.0701,0.3241,4.4090,1.0876,5.9191,1.2758,1.4597,5.9065,1.5307,0.1325,0.9619,3.6043,3.4897,5.3413,0.8519,3.4409,3.3234,3.3772,4.2757,4.0292,3.4297,0.8350,1.4639,1.9914,0.9435,0.5094,4.1044,3.1899,4.0721,3.7330,0.9673,2.7687,1.3253,1.9351,2.9651,3.5373,1.3444,4.0714,3.7333
HEADER,Raster Number, RF Direction,Polarization,Date,Time,
,1,Rx,Horizontal,2019/03/06,21:26:09
position BS1 -9.000, position BS2 -9.000, position RT1 0.000
AO settings - 4.8634,5.7523,5.0114,1.1594,3.7988,4.6732,1.8491,4.1831,4.9288,0.2832,3.8153,3.7975,1.3929,3.0637,1.7820,3.4092,3.8806,2.8786,3.2514,5.1566,4.2074,2.4251,5.2593,2.9598,5.8355,4.1197,3.2595,1.3202,0.7426,2.3443,5.5008,2.5627,1.0868,5.7356,0.5887,0.9408,0.8173,0.8647,1.4415,0.4637,3.1361,0.6883,1.6336,3.4494,4.8927,1.1222,1.0160,2.7042,1.2676,3.8220,5.1430,3.3100,5.6166,3.2804,1.4075,1.8019,1.0515,5.0467,4.2890,2.3619,4.3378,0.6702,0.2993,2.5206
HEADER,Raster Number, RF Direction,Polarization,Date,Time,
,1,Rx,Horizontal,2019/03/06,21:26:10
position BS1 -9.000, position BS2 -9.000, position RT1 0.000
AO settings - 5.3777,3.3566,4.1182,5.8998,3.9883,2.9877,4.1871,1.0999,3.2684,4.2212,2.3250,4.3032,3.7633,5.0495,0.2592,5.9725,1.8444,3.1745,4.7829,0.3561,2.8101,4.0941,0.4102,2.2070,3.6336,2.1501,5.3428,3.5927,3.7022,1.7386,3.2965,3.3499,1.1499,5.2303,0.5268,4.7177,3.4931,5.0807,1.5556,2.7422,4.1833,1.2591,2.1421,2.8014,5.5960,2.0829,3.9313,2.2041,3.1078,5.4439,1.7336,5.4603,0.1983,1.9871,3.8632,1.7305,3.8131,1.9983,0.9399,5.1373,3.7813,4.2154,2.7067,0.3751
HEADER,Raster Number, RF Direction,Polarization,Date,Time,
,1,Rx,Horizontal,2019/03/06,21:26:11
position BS1 -9.000, position BS2 -9.000, position RT1 0.000
AO settings - 3.3377,5.2429,3.0391,1.3668,1.7445,1.6126,3.6542,2.6222,1.0299,0.9213,0.7575,5.9471,2.2812,4.5508,2.7069,1.3854,0.0756,3.5484,5.7380,3.7331,2.2987,4.1326,0.8646,2.3377,0.9384,4.9114,5.9611,0.0112,1.8120,2.8418,4.4798,4.3551,1.6940,0.1501,3.8111,0.4956,2.2396,3.8133,0.8575,1.1056,5.6824,2.1563,5.9286,3.4695,0.7465,4.2774,5.4335,0.5689,1.9377,3.1959,0.1031,5.7132,5.5829,3.4437,4.1171,1.5800,0.9877,1.5286,4.8216,3.3389,1.8735,4.3927,1.0827,0.2269
HEADER,Raster Number, RF Direction,Polarization,Date,Time,
,1,Rx,Horizontal,2019/03/06,21:26:11
position BS1 -9.000, position BS2 -9.000, position RT1 0.000
AO settings - 4.2193,2.9519,2.0820,5.6709,3.2743,0.4632,5.5814,0.5563,5.7700,3.0987,0.6225,1.6314,1.0806,0.5088,2.7896,0.3615,5.0962,1.3585,4.8277,0.4911,2.4874,3.1013,5.8953,2.4234,1.7296,5.5756,5.7811,0.5497,1.5451,5.0783,0.4192,1.7913,1.3989,4.3583,3.2688,2.4553,3.2519,3.2258,0.1351,0.5214,3.7740,3.9395,1.0425,0.4571,1.4642,3.4380,1.6066,1.3293,0.5202,4.4855,2.4539,3.3034,4.1229,2.2670,2.8064,0.7319,0.5892,0.1336,3.6966,0.4356,2.7174,2.1319,3.5678,2.1090
HEADER,Raster Number, RF Direction,Polarization,Date,Time,
,1,Rx,Horizontal,2019/03/06,21:26:12
position BS1 -9.000, position BS2 -9.000, position RT1 0.000
AO settings - 5.2716,0.2991,1.4643,3.1756,0.7767,4.7944,2.7046,4.1777,0.4221,4.0815,2.5196,4.3737,5.7068,4.3599,4.2567,1.3216,3.2080,5.6256,1.5925,0.9301,4.1762,2.3379,2.6687,5.0141,4.4216,5.5883,0.8407,2.1088,0.6193,1.9211,5.6518,2.0112,2.5439,5.4611,4.3859,0.8486,3.4553,4.6041,4.3792,1.6027,0.1513,4.1454,3.4866,1.3199,0.0271,5.2931,1.0268,2.7189,4.0828,3.1398,2.7575,5.0452,3.2259,2.3678,0.1169,0.2320,2.5778,3.0723,1.9016,2.1450,5.4460,0.4195,0.7258,0.5246
HEADER,Raster Number, RF Direction,Polarization,Date,Time,
,1,Rx,Horizontal,2019/03/06,21:26:12
position BS1 -9.000, position BS2 -9.000, position RT1 0.000
AO settings - 5.1660,4.6235,0.4205,0.2258,3.0779,3.8439,3.0100,0.3617,4.5451,0.9897,1.7488,5.8273,2.3880,2.7930,3.6660,3.5621,2.9103,3.1456,0.1260,4.8341,2.1998,4.9774,1.5286,3.1042,2.1841,0.0963,2.4696,0.6837,2.4824,4.7308,0.6116,4.7478,0.9475,4.7111,5.7339,0.6436,2.6214,4.9639,3.9293,1.1583,2.4680,0.7306,5.4687,3.9772,5.3735,0.3408,5.9963,4.7822,0.0555,5.9467,3.0559,4.3789,2.5703,5.9059,4.5210,4.1574,1.6897,5.0906,0.2038,5.6920,0.9799,2.9393,5.3820,5.5904
HEADER,Raster Number, RF Direction,Polarization,Date,Time,
,2,Rx,Horizontal,2019/03/06,21:26:14
position BS1 -8.000, position BS2 -8.000, position RT1 0.000
AO settings empty
HEADER,Raster Number, RF Direction,Polarization,Date,Time,
,3,Rx,Horizontal,2019/03/06,21:26:16
position BS1 -7.000, position BS2 -7.000, position RT1 0.000
AO settings empty
HEADER,Raster Number, RF Direction,Polarization,Date,Time,
,4,Rx,Horizontal,2019/03/06,21:26:18
position BS1 -6.000, position BS2 -6.000, position RT1 0.000
AO settings - 2.8010,2.3095,5.8183,0.6437,3.8653,3.4733,3.2132,1.5288,3.6697,1.3968,3.4660,4.7084,2.2577,2.2737,1.6186,0.1757,5.7644,2.1059,2.5940,0.8820,0.9684,1.1690,4.5157,5.2557,2.5654,2.9544,1.4950,2.2084,5.7939,2.5308,0.7750,1.5193,5.2077,4.8064,4.7818,4.2549,1.3184,4.1070,4.3914,1.7931,2.9452,5.2345,2.1536,4.9335,0.5984,1.8171,1.3235,3.2385,1.9866,1.7833,2.1510,2.9001,5.6687,5.6525,5.8479,3.7128,4.9432,0.9743,0.7073,2.4969,3.9856,5.1438,4.6600,1.6686
HEADER,Raster Number, RF Direction,Polarization,Date,Time,
,4,Rx,Horizontal,2019/03/06,21:26:19
position BS1 -6.000, position BS2 -6.000, position RT1 0.000
AO settings - 0.6671,3.9781,3.3062,3.8591,0.3908,0.3503,3.4121,5.1831,0.8942,3.6486,4.5259,1.4067,4.3958,2.2251,0.3645,0.8920,0.7392,1.5931,5.6152,3.5121,0.0448,3.7421,3.5109,4.8855,1.2661,5.3029,0.4332,4.1638,5.4395,4.8796,0.2000,5.7113,0.1361,0.6256,2.3516,3.3014,2.1896,4.2281,1.4062,4.0723,3.1071,4.4675,1.1390,3.8745,1.7276,0.8436,2.1422,1.0455,4.4951,0.2606,2.5255,3.1327,1.8070,4.4036,0.1923,3.8060,2.2289,4.5895,3.5665,3.9613,5.3338,4.2606,1.5464,0.3847
HEADER,Raster Number, RF Direction,Polarization,Date,Time,
,4,Rx,Horizontal,2019/03/06,21:26:20
position BS1 -6.000, position BS2 -6.000, position RT1 0.000
AO settings - 0.5835,2.1322,3.8855,4.4714,3.5164,0.4532,2.7584,4.3697,3.2440,3.3215,4.8186,4.7288,1.7717,1.6451,2.3621,0.9013,5.8457,2.5117,4.1326,2.6142,3.4669,3.5766,3.7699,0.4094,1.6732,5.1919,1.0293,5.2933,1.4079,3.0585,1.6295,4.5772,2.7768,4.7661,2.7017,5.2301,5.6276,3.1023,0.5365,1.7897,1.5305,1.9495,5.1006,5.0774,1.3416,0.1488,0.6930,4.5824,3.2328,4.9158,0.0208,1.3342,3.3083,3.4831,0.9356,2.7995,1.9431,3.6316,5.6819,1.0920,4.3171,5.4361,4.6151,5.8190
HEADER,Raster Number, RF Direction,Polarization,Date,Time,
,4,Rx,Horizontal,2019/03/06,21:26:20
position BS1 -6.000, position BS2 -6.000, position RT1 0.000
AO settings - 0.9155,1.1134,0.1716,1.5338,3.3575,5.2745,1.5454,0.7042,1.1753,3.1052,3.7525,1.1738,5.3908,0.4889,2.8514,4.5453,2.8175,4.8290,2.4786,1.8261,2.4698,3.2193,3.6222,4.6018,2.5070,0.6184,2.1394,0.7538,1.3448,0.9485,4.0394,1.9070,3.8933,0.2706,3.9063,4.6402,1.0330,2.3319,2.9472,5.7554,3.8179,3.2018,4.4663,0.6885,5.8053,1.3324,2.3203,2.1338,3.3066,2.1166,1.4257,4.0161,4.9117,5.9930,5.2995,0.2773,0.0122,0.1038,3.8424,4.8805,1.9058,0.8389,0.5323,5.0826
HEADER,Raster Number, RF Direction,Polarization,Date,Time,
,4,Rx,Horizontal,2019/03/06,21:26:21
position BS1 -6.000, position BS2 -6.000, position RT1 0.000
AO settings - 5.6571,2.7700,2.9001,4.1694,4.4499,4.0328,4.9149,1.4020,4.0735,4.2265,2.7978,5.6321,4.0381,3.2726,5.9166,5.3428,0.0272,4.0237,2.9618,0.6822,3.7354,3.8846,0.4469,1.3945,4.1497,4.5070,3.8463,3.9410,3.8587,3.3649,2.6580,5.0129,2.3179,5.3125,4.0242,3.1269,2.9950,2.2575,1.9871,4.3259,5.6657,3.4119,5.5850,5.1803,4.0086,1.1633,2.5693,5.9283,2.0343,0.9625,4.6329,0.8555,0.1146,5.3145,2.9300,4.6750,3.4445,4.4878,4.5960,2.5417,0.9484,5.9620,2.9642,1.1465
HEADER,Raster Number, RF Direction,Polarization,Date,Time,
,4,Rx,Horizontal,2019/03/06,21:26:21
position BS1 -6.000, position BS2 -6.000, position RT1 0.000
AO settings - 5.2586,3.0411,3.1046,3.3795,0.0647,5.3877,5.9464,4.8602,3.6918,4.8237,3.1893,5.0656,2.3916,0.7512,2.0093,2.9396,3.1858,5.7086,1.3977,5.5719,5.8646,1.5337,1.3934,5.5108,4.8193,0.6881,0.3053,0.4966,2.3733,4.4234,1.3381,5.4192,0.6830,0.5012,3.3218,3.3158,3.9061,0.4948,2.4292,5.4842,1.3986,1.5659,2.7782,2.7498,1.4548,1.6875,2.1340,0.8835,2.6213,5.6208,4.5229,2.7789,3.5687,0.3308,1.9094,5.7144,5.8163,5.8822,5.5209,4.0093,3.6873,5.9636,3.0457,0.0830
HEADER,Raster Number, RF Direction,Polarization,Date,Time,
,4,Rx,Horizontal,2019/03/06,21:26:22
position BS1 -6.000, position BS2 -6.000, position RT1 0.000
AO settings - 3.3209,0.9903,3.8605,5.2890,5.7356,1.5366,4.9926,0.6960,3.3199,1.3767,1.9814,1.8050,4.5787,5.1708,4.4646,0.8559,5.6537,5.7839,2.8508,1.4952,4.5486,1.9470,0.2736,3.8857,2.5637,1.6390,0.8827,1.5696,5.8274,4.4541,4.9679,4.1232,2.8469,0.5253,2.0815,2.9252,0.5789,1.7130,2.4138,4.6774,0.1793,4.3490,5.9419,4.1865,3.5635,2.7147,4.5312,2.0796,3.1736,5.2651,4.3901,2.5657,5.1682,3.4613,3.4887,3.2677,0.6374,3.7769,3.2811,3.5737,4.3076,4.0996,3.4000,0.9638
HEADER,Raster Number, RF Direction,Polarization,Date,Time,
,4,Rx,Horizontal,2019/03/06,21:26:23
position BS1 -6.000, position BS2 -6.000, position RT1 0.000
AO settings - 0.2951,1.7164,5.5317,3.2575,4.5638,1.1056,4.4396,4.7920,2.7035,2.2453,1.5803,4.1533,3.9571,2.0307,2.4011,3.5887,2.6805,5.3075,4.7931,0.8336,2.1343,2.9952,2.2680,2.3373,4.8806,3.9891,5.8624,4.5202,0.2457,0.2304,3.8371,0.3091,1.0961,5.0350,3.2261,5.8336,3.3667,3.4670,4.9104,0.9305,1.3044,5.2831,4.5869,1.6415,5.5077,4.7018,3.4321,1.4353,1.1679,3.9709,2.5960,4.3387,2.4874,4.8249,5.4310,0.5562,5.5866,1.3118,5.3822,0.2496,0.1102,5.8927,1.5455,5.3080
HEADER,Raster Number, RF Direction,Polarization,Date,Time,
,4,Rx,Horizontal,2019/03/06,21:26:23
position BS1 -6.000, position BS2 -6.000, position RT1 0.000
AO settings - 5.6309,3.2157,1.9620,2.0775,3.7466,1.2215,4.8395,1.4464,1.7370,4.9761,2.8122,5.0867,3.1584,3.6763,0.6480,4.7489,0.1738,3.2854,2.2429,3.8731,5.5138,1.8088,1.9038,1.3648,1.7849,2.7235,3.2631,3.3766,0.4043,2.1521,2.1346,2.2833,3.8752,2.5921,1.6084,1.3601,4.6566,2.5151,1.4204,0.2265,0.9401,3.5593,1.4888,0.4973,2.4563,1.2148,5.4919,2.1149,2.5215,0.4967,2.9887,1.4285,1.6206,2.2421,4.0982,4.5089,1.3599,3.2346,4.2887,0.7123,5.1825,4.9601,1.8710,3.9280
HEADER,Raster Number, RF Direction,Polarization,Date,Time,
,4,Rx,Horizontal,2019/03/06,21:26:24
position BS1 -6.000, position BS2 -6.000, position RT1 0.000
AO settings - 5.2915,3.2324,5.6996,1.9647,2.9425,2.0466,4.1524,1.0730,4.7868,5.5566,1.0826,3.3810,2.3870,2.7577,5.8500,1.6340,1.0424,5.8612,1.7722,1.2537,3.6412,2.8935,0.7744,3.9239,2.1803,3.2535,3.9153,5.5660,5.1895,3.5528,3.7396,4.5732,2.0255,5.5956,0.5983,0.1025,1.7680,3.3610,3.3759,0.7983,3.3535,4.9443,5.4578,2.0308,3.0753,5.2653,5.6613,1.3774,5.7100,1.0881,1.4861,1.8169,3.5672,0.8837,1.1338,0.2154,5.8964,3.9299,3.2353,0.2522,2.4327,5.9931,4.3465,4.7156
HEADER,Raster Number, RF Direction,Polarization,Date,Time,
,4,Rx,Horizontal,2019/03/06,21:26:24
position BS1 -6.000, position BS2 -6.000, position RT1 0.000
AO settings - 0.9413,4.0825,1.1083,3.2982,0.7530,1.1120,5.0051,4.6051,2.7122,1.2407,5.5805,0.5576,3.0997,1.9906,4.5534,1.3925,1.8912,0.2414,1.2874,5.9618,1.7923,3.9187,5.5337,4.1182,4.5875,3.3612,4.3638,1.0162,4.9666,0.3003,1.6084,2.7589,0.2232,0.4424,2.0148,3.2179,1.4016,1.5550,3.8570,2.7450,5.5919,4.2005,4.3816,1.1804,3.8430,0.6462,2.9225,5.7701,3.7451,4.4260,0.3829,5.0323,0.2995,4.1889,4.9390,1.2524,1.1637,3.2462,3.9717,3.0707,5.3104,4.1481,3.8568,5.6971
HEADER,Raster Number, RF Direction,Polarization,Date,Time,
,4,Rx,Horizontal,2019/03/06,21:26:25
position BS1 -6.000, position BS2 -6.000, position RT1 0.000
AO settings - 4.7559,1.2432,2.0746,5.7219,1.6330,5.5177,2.6438,5.1198,1.4209,5.3526,4.9004,5.8396,0.7664,1.4512,5.4027,2.2982,0.4708,2.1543,2.5238,5.3894,2.9190,1.3689,4.8955,3.0506,1.0555,1.5393,5.6523,3.2504,2.4756,3.3411,0.3804,3.1371,4.0776,2.6395,5.8268,0.6616,3.4391,1.2674,0.0815,3.9430,4.9977,3.5151,3.8435,5.0858,0.0524,4.3148,3.2315,4.1220,2.5906,2.4405,1.1930,1.7325,0.4802,3.3316,5.0091,1.9240,0.1819,1.4825,2.3313,0.1542,2.4472,1.1064,3.9623,3.8778
HEADER,Raster Number, RF Direction,Polarization,Date,Time,
,4,Rx,Horizontal,2019/03/06,21:26:26
position BS1 -6.000, position BS2 -6.000, position RT1 0.000
AO settings - 1.5379,5.2844,1.0736,4.8971,3.1136,4.2190,1.8542,5.3137,2.6394,4.8727,3.8077,5.6612,1.2812,1.6138,3.8383,0.3092,4.9025,2.4455,0.5604,5.2934,2.9871,4.8300,3.0762,0.2774,0.9249,5.9905,1.0742,5.9493,5.8206,4.8034,5.9201,3.0937,1.4063,1.9984,1.7685,3.4246,1.6223,3.8072,5.1514,5.2313,1.9283,4.2691,2.4495,1.1492,3.5503,5.3024,1.1366,5.0601,0.0159,5.0423,1.8431,3.1743,4.1928,5.6598,4.2700,1.5214,5.6431,2.6940,0.6755,0.0984,3.2962,2.3228,2.8490,2.0992
HEADER,Raster Number, RF Direction,Polarization,Date,Time,
,4,Rx,Horizontal,2019/03/06,21:26:26
position BS1 -6.000, position BS2 -6.000, position RT1 0.000
AO settings - 4.9109,2.7884,4.2096,2.0200,4.4701,1.7948,2.3974,4.4799,3.3753,3.6960,0.1483,0.0976,3.8205,3.9560,4.4189,4.3594,0.8300,5.6769,0.7669,3.6088,5.9372,5.4980,4.3435,5.7515,5.5107,0.8680,0.9593,0.8471,3.2943,4.8258,2.0607,1.4103,0.0047,3.6758,5.9388,1.2478,5.5907,0.2966,2.6261,4.7377,4.1656,0.7189,3.7945,2.5972,3.4165,3.9784,3.8489,3.6092,5.5025,3.7399,1.6895,1.7548,2.0182,2.7297,3.3308,3.0556,3.7515,4.3118,2.0045,3.9108,2.4931,5.0166,0.5427,5.8712
HEADER,Raster Number, RF Direction,Polarization,Date,Time,
,4,Rx,Horizontal,2019/03/06,21:26:27
position BS1 -6.000, position BS2 -6.000, position RT1 0.000
AO settings - 0.8850,1.8015,0.0475,5.7983,2.7072,5.3884,4.1628,2.5051,1.3383,1.3838,5.6823,1.7323,5.8046,0.9473,1.0131,3.9095,4.4592,1.8863,5.7339,5.2696,2.6438,5.0296,1.4408,0.5815,1.7334,4.0910,3.4741,5.7077,0.4395,5.5408,5.2147,2.1746,0.0968,2.9664,5.8239,0.9072,0.6381,3.8641,4.1171,1.3448,1.8409,0.1601,1.6712,1.7686,4.6174,5.6147,1.5091,4.8063,4.8350,0.4660,0.9455,0.6061,1.8651,3.8028,4.6996,4.8046,3.9630,0.8413,3.7154,4.8150,5.8513,3.5740,0.1250,3.9826
HEADER,Raster Number, RF Direction,Polarization,Date,Time,
,4,Rx,Horizontal,2019/03/06,21:26:27
position BS1 -6.000, position BS2 -6.000, position RT1 0.000
AO settings - 2.0683,1.1267,3.3220,3.6595,2.1660,2.8906,2.1978,1.8919,0.3072,1.0559,3.3978,1.7990,4.9868,2.2631,1.3542,3.7834,4.8853,5.2516,0.3774,5.5119,3.7773,3.2037,5.6845,0.3484,2.9465,0.5422,3.5744,1.4249,1.2923,5.2675,3.9084,1.0819,5.3276,4.2672,2.6017,5.7669,5.4324,4.7321,2.5466,0.8909,1.8278,1.5052,4.9873,0.0126,4.4450,2.1818,5.5595,4.1261,0.3757,4.3669,4.6914,2.6492,5.7394,5.7355,5.2941,0.9338,1.4927,5.9003,4.9972,3.7124,5.7733,1.6276,0.1134,5.1813
HEADER,Raster Number, RF Direction,Polarization,Date,Time,
,4,Rx,Horizontal,2019/03/06,21:26:28
position BS1 -6.000, position BS2 -6.000, position RT1 0.000
AO settings - 5.5709,5.7589,5.8903,3.9139,2.1801,0.7218,2.8093,0.3939,4.1067,5.5979,2.0102,3.9807,0.0114,0.3797,1.6778,5.0031,4.3502,1.2037,3.1959,3.1670,5.9135,0.8221,0.0832,3.8793,0.9004,0.5448,3.6679,0.1547,3.9129,1.9712,3.7296,5.7602,1.9859,4.6260,3.8537,0.4528,1.7166,0.2699,1.4802,1.9265,0.9765,1.4041,2.3147,5.3073,3.7699,4.0013,5.9251,3.7133,0.9506,0.3100,1.1178,4.9650,3.2955,0.9086,3.0049,1.4741,1.3946,4.7478,1.0844,2.3085,3.7524,2.8173,4.3396,0.9818
HEADER,Raster Number, RF Direction,Polarization,Date,Time,
,4,Rx,Horizontal,2019/03/06,21:26:29
position BS1 -6.000, position BS2 -6.000, position RT1 0.000
AO settings - 3.5467,1.3571,2.8271,5.3603,0.3151,4.5227,5.1166,1.9465,0.7135,3.7573,4.0970,0.7942,0.0296,3.9536,5.8776,3.8381,0.6330,5.9574,4.7111,1.7344,3.4898,4.6220,4.5370,4.5524,5.7428,1.4060,0.8824,5.9122,4.8163,1.2656,3.4030,2.8321,3.8174,5.1817,3.5621,3.5809,0.0806,3.3110,1.6781,4.2020,0.1373,1.3672,1.1347,2.0300,3.5565,0.8359,4.5916,4.5536,4.8273,2.7713,1.0205,3.0535,4.5859,1.3134,5.2688,2.7500,5.4003,2.3429,5.2101,0.0115,3.0065,0.2929,2.5416,5.7322
HEADER,Raster Number, RF Direction,Polarization,Date,Time,
,4,Rx,Horizontal,2019/03/06,21:26:29
position BS1 -6.000, position BS2 -6.000, position RT1 0.000
AO settings - 4.4865,3.3928,0.0246,4.5530,4.9742,2.9283,5.3278,5.9437,2.7086,5.8186,3.1696,4.2563,1.5691,2.5554,0.6413,1.0588,1.0395,1.8768,2.6797,2.1592,4.0390,3.6351,1.9539,0.2542,5.1907,1.1274,3.2848,4.1320,1.0144,1.0115,1.8625,1.1288,2.5826,4.3861,1.1347,2.6574,3.7706,0.1290,2.5556,4.7683,0.7557,4.6711,1.1501,3.5970,2.5732,5.3061,5.5365,3.4844,0.5974,0.8504,0.3544,5.3689,4.7357,1.3046,2.2272,0.2559,5.4641,3.8719,5.4936,0.9246,0.0871,1.3462,2.3588,3.6336
HEADER,Raster Number, RF Direction,Polarization,Date,Time,
,4,Rx,Horizontal,2019/03/06,21:26:30
position BS1 -6.000, position BS2 -6.000, position RT1 0.000
AO settings - 3.6549,0.0834,2.4799,1.2568,1.7531,1.4541,5.8329,3.4709,4.7243,4.9734,3.0088,5.1543,3.7774,2.4101,1.3587,5.1698,2.2859,0.2414,2.4362,0.0418,1.8269,2.1375,5.4384,2.8417,5.8562,2.7518,1.7290,5.3965,4.2814,0.9644,5.1724,5.1663,1.6217,2.1745,5.0879,3.3301,1.3718,5.3906,2.4797,5.1595,3.0245,1.7679,4.0667,1.2780,2.4869,0.5282,1.7937,2.0963,4.6924,2.3175,2.1407,0.2031,5.4278,2.4569,3.1074,5.2645,3.7678,1.1298,5.5854,3.6129,2.7087,3.5023,5.8313,1.8372
HEADER,Raster Number, RF Direction,Polarization,Date,Time,
,5,Rx,Horizontal,2019/03/06,21:26:32
position BS1 -5.000, position BS2 -5.000, position RT1 0.000
AO settings - 5.8074,0.6871,3.2164,1.0235,0.6603,3.3997,3.0058,5.3343,5.9093,0.4311,3.6435,4.5225,4.7785,3.2037,1.7869,4.4054,1.1434,2.3423,5.8667,5.4851,0.7221,5.0151,1.7973,5.0521,5.3438,4.3387,2.8496,5.5262,1.6285,0.4810,0.4834,3.4591,5.5970,0.9365,0.5387,3.9553,0.8237,4.9867,4.1264,5.0028,5.4230,4.3194,4.8566,3.3931,3.7952,5.4949,5.6024,2.7215,3.2371,0.6380,4.8335,3.9862,2.2626,4.7986,4.6518,4.4573,3.4745,5.2397,5.6746,3.9623,4.8752,2.8562,4.8429,1.0771
HEADER,Raster Number, RF Direction,Polarization,Date,Time,
,5,Rx,Horizontal,2019/03/06,21:26:32
position BS1 -5.000, position BS2 -5.000, position RT1 0.000
AO settings - 2.2085,5.3432,1.9682,2.9057,4.3516,0.0550,4.0265,2.6524,0.7954,2.4488,1.1820,1.8539,3.9173,5.4476,5.2957,5.8115,4.7487,5.7686,0.9107,3.0795,5.8832,4.1711,0.6194,2.7973,1.1580,3.2592,4.5459,5.1297,0.7251,3.5998,4.8736,4.8749,3.3899,0.1936,5.0076,5.7917,2.2218,5.3075,5.1108,4.9228,3.6267,4.9733,5.4731,0.5142,3.1846,0.7054,1.4411,3.6925,3.2386,0.4717,2.7223,3.5053,2.8618,0.0141,2.6602,2.0175,2.9236,5.1646,4.7286,1.9818,1.9282,4.5597,3.3961,4.8419
HEADER,Raster Number, RF Direction,Polarization,Date,Time,
,5,Rx,Horizontal,2019/03/06,21:26:33
position BS1 -5.000, position BS2 -5.000, position RT1 0.000
AO settings - 5.4598,2.7243,0.4549,0.7327,5.5843,4.0709,4.2743,1.7634,5.1749,2.6356,4.9855,3.2978,0.2995,2.6897,2.7601,5.7398,5.1216,3.8576,0.1065,0.7740,3.5362,0.5557,4.8263,2.7827,3.9099,4.5664,2.5168,4.0240,3.0528,2.2727,0.2672,5.9490,2.0935,4.8548,3.6129,0.8022,0.4279,4.2266,1.4336,5.5560,2.6174,5.6552,3.2048,0.1038,4.5144,0.6922,1.3201,5.2451,0.3537,5.0697,0.3339,4.9130,3.5690,1.2790,2.5149,2.1390,2.2482,5.7510,4.1730,1.3912,2.2029,2.8782,5.8713,5.7185
HEADER,Raster Number, RF Direction,Polarization,Date,Time,
,5,Rx,Horizontal,2019/03/06,21:26:34
position BS1 -5.000, position BS2 -5.000, position RT1 0.000
AO settings - 0.3548,0.1716,2.7276,2.4571,1.8159,2.4491,3.1201,1.8718,3.0772,1.0360,2.0561,1.9480,4.5077,0.0727,2.9874,3.6034,3.1332,4.7180,0.4748,4.3078,0.6701,4.6286,4.0309,5.8109,2.9824,2.1504,2.7578,5.5285,4.4106,1.0234,5.0942,5.6336,5.0778,5.6640,5.8366,1.8302,5.5853,2.0486,3.6499,1.6945,3.8919,1.8153,0.5222,3.4168,4.7068,3.4498,1.9801,0.5117,3.5302,0.3701,0.5725,2.6699,1.5587,5.6440,2.0641,3.7470,5.0759,4.8247,0.4688,5.2634,3.1805,3.5468,1.7497,2.6435
HEADER,Raster Number, RF Direction,Polarization,Date,Time,
,5,Rx,Horizontal,2019/03/06,21:26:34
position BS1 -5.000, position BS2 -5.000, position RT1 0.000
AO settings - 2.7384,4.0137,1.3557,0.5713,5.8949,5.8928,4.0943,1.3772,0.2580,1.4382,4.0756,4.8499,0.9401,5.4102,2.5969,4.9797,0.2252,3.0656,0.4159,0.8961,0.7851,4.0666,3.3809,4.5126,1.6630,3.0874,3.6745,4.1902,3.9811,5.7552,2.7766,4.3798,0.9837,3.2947,3.3186,3.8267,3.1579,2.3753,2.7623,1.3002,1.5122,5.5153,2.6527,2.6967,0.1087,0.2233,1.8752,3.3779,3.7629,4.8402,3.9539,2.9537,3.2414,3.4585,0.0618,3.0220,4.4849,0.8777,5.8625,3.1517,3.1358,5.1729,2.3419,4.5564
HEADER,Raster Number, RF Direction,Polarization,Date,Time,
,5,Rx,Horizontal,2019/03/06,21:26:35
position BS1 -5.000, position BS2 -5.000, position RT1 0.000
AO settings - 0.0592,1.0483,4.9056,1.9049,0.6834,3.8129,1.5521,2.3146,1.4310,2.0576,3.6573,1.3703,2.6027,0.3256,3.1894,3.2713,3.7758,4.2162,5.9167,2.7222,2.0993,5.8896,4.9950,2.1760,5.4934,2.1464,5.1789,0.4285,0.4047,0.0910,4.5296,4.7337,3.3514,2.7058,5.3171,4.0326,1.3486,1.8744,0.2568,1.4753,5.5235,0.7903,3.5077,2.3663,3.9334,2.9300,5.1375,4.2243,1.6732,5.7538,0.6697,0.5687,5.7093,3.4471,0.9980,5.0435,2.0151,4.6792,0.3315,5.6101,2.0624,5.8396,1.4235,4.1697
HEADER,Raster Number, RF Direction,Polarization,Date,Time,
,5,Rx,Horizontal,2019/03/06,21:26:35
position BS1 -5.000, position BS2 -5.000, position RT1 0.000
AO settings - 2.5321,5.9594,3.5489,1.1919,3.7550,1.8058,0.4166,3.8376,5.5612,5.0244,3.1763,1.4119,5.4338,5.4163,3.9846,5.0153,0.5120,1.2965,5.0150,3.5416,3.2780,4.1437,1.0567,3.5742,5.3532,0.3091,0.0548,2.5686,4.5164,2.1764,2.5596,1.7941,2.1519,1.1679,0.9385,1.5938,5.4347,0.7793,1.3742,2.0582,4.4563,1.4177,1.8074,5.5122,2.4715,5.9797,4.9680,2.6832,5.2194,3.3260,5.7103,1.5099,5.5631,0.8779,1.7413,1.2012,2.3418,4.1899,1.2822,0.4961,2.9959,2.2716,5.6242,5.5401
HEADER,Raster Number, RF Direction,Polarization,Date,Time,
,5,Rx,Horizontal,2019/03/06,21:26:36
position BS1 -5.000, position BS2 -5.000, position RT1 0.000
AO settings - 2.7653,2.1362,4.0125,5.2623,4.4108,2.9949,3.1692,4.8097,3.6615,2.4762,1.8308,5.4714,0.6295,4.5248,1.7051,4.0087,4.3528,5.0443,2.7226,4.2749,1.2330,3.5493,0.1464,0.5932,0.8277,5.4333,3.0507,0.6047,3.6344,4.7978,4.6613,0.7387,2.3031,4.1652,4.0522,4.5529,4.5374,2.5992,5.3314,3.9084,2.7607,0.6414,1.3589,5.4483,0.1272,3.1167,5.0571,0.2023,1.2605,1.5060,0.3949,4.8045,2.7361,5.6852,3.4298,4.1584,1.3509,0.1334,5.6133,3.6906,1.0928,5.2892,5.9484,2.5058
HEADER,Raster Number, RF Direction,Polarization,Date,Time,
,5,Rx,Horizontal,2019/03/06,21:26:37
position BS1 -5.000, position BS2 -5.000, position RT1 0.000
AO settings - 0.1659,5.3517,0.9159,0.5785,1.7070,3.1399,4.2616,2.5100,4.2595,4.5458,4.7554,5.3425,1.0662,5.2440,3.0557,5.5580,4.3943,2.9568,3.2009,0.1084,1.9714,0.6446,0.6018,1.3491,2.7522,0.0683,4.8934,4.4465,5.0884,2.0177,4.1249,4.3653,0.8457,4.2536,2.8483,4.9491,2.8614,2.0323,0.2196,5.0314,1.0426,1.9824,2.2341,0.4692,2.6025,5.2173,5.9717,2.2145,0.3003,0.9950,1.7304,0.4110,2.8254,0.7258,4.0357,5.8419,5.3223,2.3773,2.1695,4.7641,0.4595,0.2874,5.6904,1.8738
HEADER,Raster Number, RF Direction,Polarization,Date,Time,
,5,Rx,Horizontal,2019/03/06,21:26:37
position BS1 -5.000, position BS2 -5.000, position RT1 0.000
AO settings - 2.3495,5.2466,3.6587,0.5783,5.8259,0.2592,4.5590,2.6325,4.1154,2.2451,1.5915,0.4581,1.3045,1.4040,2.5125,3.8812,1.1421,5.7628,0.5814,0.1272,4.7550,5.9592,4.0026,0.2136,5.6068,3.7684,5.5128,4.9334,2.7440,0.9233,0.3724,5.8074,1.9854,5.4741,2.2857,4.6294,4.4826,4.9465,3.6040,2.3370,5.7302,3.4079,4.6225,1.5989,0.7654,0.4963,4.4036,4.1263,5.4501,0.7565,5.2331,0.6394,2.0477,4.8608,2.6128,0.1782,0.4778,3.3558,2.2958,1.3102,1.6731,5.9037,2.2103,0.1434
HEADER,Raster Number, RF Direction,Polarization,Date,Time,
,5,Rx,Horizontal,2019/03/06,21:26:38
position BS1 -5.000, position BS2 -5.000, position RT1 0.000
AO settings - 4.4965,2.6823,5.5309,5.5026,3.5554,0.4396,3.6054,2.6524,0.3588,5.2823,4.0345,2.0900,1.2573,0.7718,3.9891,1.5472,5.9819,1.1125,0.2059,1.2976,2.5116,2.7349,1.8708,3.3246,4.8895,5.6570,1.1934,5.1998,4.9730,5.8332,5.1765,2.3787,3.1535,1.0979,3.1857,4.5935,4.2107,3.3799,4.8241,4.7772,1.7075,0.7632,4.3494,5.3854,3.0302,4.3190,5.4622,4.6948,5.6962,5.0710,2.0037,3.2906,5.6448,5.3235,4.3337,0.1572,4.8175,4.3586,5.7079,3.5299,5.1848,3.4530,2.1379,0.4060
HEADER,Raster Number, RF Direction,Polarization,Date,Time,
,5,Rx,Horizontal,2019/03/06,21:26:38
position BS1 -5.000, position BS2 -5.000, position RT1 0.000
AO settings - 1.6234,2.3773,3.4564,2.0314,5.6797,0.6038,2.0213,5.1850,1.6190,3.0861,2.8194,1.7377,0.7829,0.2162,2.4076,3.7537,3.4237,5.1011,0.3545,2.8358,2.7326,3.7285,2.5829,3.6530,1.7872,4.3227,3.7083,0.4342,5.8999,2.9822,4.4860,3.0768,3.4581,4.1219,2.4362,3.4183,3.4369,5.2012,5.3500,2.2992,2.8416,4.9333,2.4785,0.0521,1.5207,5.4910,0.7516,4.8436,4.2503,0.0597,0.8556,5.0879,3.8543,0.5860,2.4640,1.2316,0.6738,1.0297,4.9288,2.0383,4.1543,2.7857,1.2391,5.2633
HEADER,Raster Number, RF Direction,Polarization,Date,Time,
,5,Rx,Horizontal,2019/03/06,21:26:39
position BS1 -5.000, position BS2 -5.000, position RT1 0.000
AO settings - 1.8860,5.2939,5.1981,3.7189,2.8862,3.4398,2.7287,1.5188,2.0096,1.6158,4.5018,0.6547,3.3141,0.8528,1.1102,0.0272,0.1362,5.1629,3.7629,3.3128,2.2369,3.6814,4.0808,4.8623,5.9731,1.7912,0.0596,5.5338,5.6847,0.9507,0.8951,1.8563,2.1355,3.1958,1.7789,0.7170,0.6952,3.4752,0.6416,1.3186,1.9038,5.4369,2.2808,1.5287,1.3948,1.3104,0.2651,5.6771,5.3054,0.3139,3.2849,5.4297,3.2137,2.9176,3.5648,4.9068,4.0068,3.6871,2.3992,0.6874,5.5986,1.7573,2.1724,1.1610
HEADER,Raster Number, RF Direction,Polarization,Date,Time,
,5,Rx,Horizontal,2019/03/06,21:26:40
position BS1 -5.000, position BS2 -5.000, position RT1 0.000
AO settings - 4.2942,0.0672,3.6575,5.1728,5.1068,3.6605,5.4420,1.0931,0.8030,1.8684,4.6367,5.8214,4.5359,5.6436,3.2818,0.7285,2.6629,4.6839,1.2211,5.7534,5.2770,0.7189,1.2005,4.3320,4.2662,2.3022,2.0924,4.8129,5.2958,3.3165,1.7980,5.5383,5.0115,2.6731,4.1446,5.6303,1.9805,4.6595,3.7447,2.7299,1.2798,5.2580,0.1080,1.9108,1.9765,1.3643,2.7719,4.5836,1.9211,5.5054,2.0459,0.7757,0.4494,2.4616,5.9838,2.4332,3.9444,2.1620,1.7376,1.5653,1.1587,5.2640,2.5932,5.3630
HEADER,Raster Number, RF Direction,Polarization,Date,Time,
,5,Rx,Horizontal,2019/03/06,21:26:40
position BS1 -5.000, position BS2 -5.000, position RT1 0.000
AO settings - 5.8545,4.1024,1.1400,0.9791,2.8237,1.9030,0.7374,0.8811,5.3925,4.6485,1.0331,5.7588,1.4810,3.8889,5.4429,1.1799,2.7303,0.7732,0.6512,1.7734,4.5471,2.3559,4.1337,1.8048,4.4091,3.2314,2.3606,0.6718,1.0489,0.7771,4.4384,3.5964,5.6833,0.8093,3.0317,0.2404,2.4743,2.4420,2.4761,3.2965,1.7567,2.9172,3.5041,2.4747,2.0032,0.8741,2.8813,1.2674,5.3149,0.0600,3.3152,5.9319,4.8456,2.5802,2.7599,1.4463,2.1391,2.0486,2.9908,5.5272,4.0743,1.8731,3.1625,3.0013
HEADER,Raster Number, RF Direction,Polarization,Date,Time,
,5,Rx,Horizontal,2019/03/06,21:26:41
position BS1 -5.000, position BS2 -5.000, position RT1 0.000
AO settings - 1.2859,1.1823,5.1905,1.7850,0.2104,4.9916,5.1892,3.2351,4.2099,3.2555,5.5999,4.6284,3.4016,0.0047,5.6477,5.7504,1.4229,4.5673,2.6036,1.6561,2.8055,5.6794,2.4942,4.5058,4.8847,0.4236,2.7063,1.0040,3.1842,3.3473,1.2167,1.9747,2.0243,1.4086,2.5918,5.7500,4.9126,4.1281,0.5640,5.8695,5.1558,2.9498,4.6009,0.6641,0.4621,3.3337,3.8996,5.8965,5.4848,4.2634,3.2387,1.6764,4.1278,1.1803,0.0591,4.0750,5.4844,5.6608,3.4449,3.1772,2.9300,0.2701,1.2632,3.3913
HEADER,Raster Number, RF Direction,Polarization,Date,Time,
,5,Rx,Horizontal,2019/03/06,21:26:41
position BS1 -5.000, position BS2 -5.000, position RT1 0.000
AO settings - 1.1845,4.7993,0.7623,2.3861,4.6231,5.1314,1.4613,2.8162,3.4445,5.3062,2.7533,1.8827,2.2286,2.7955,5.6107,2.8542,0.9573,5.9533,1.1481,3.6511,2.0360,4.7098,5.4475,5.5880,3.9272,3.4901,4.7409,3.6861,3.7589,0.6538,3.3004,5.9329,2.4581,2.0829,0.1693,2.7813,4.1296,5.1194,2.2182,1.2299,0.5217,3.4878,0.9777,2.8573,1.3297,5.5263,4.5807,4.4224,1.3048,2.9493,1.9743,0.4985,0.2527,0.1245,1.3249,1.0706,5.5823,5.7266,0.4305,4.4471,3.0622,5.1448,4.2855,5.7198
HEADER,Raster Number, RF Direction,Polarization,Date,Time,
,5,Rx,Horizontal,2019/03/06,21:26:42
position BS1 -5.000, position BS2 -5.000, position RT1 0.000
AO settings - 3.5251,1.7533,3.1690,1.3547,5.0155,1.2049,3.1150,2.3381,2.5250,5.9208,0.4974,0.5422,5.4807,1.5535,1.2490,0.9621,0.4684,4.6875,5.9687,5.7554,1.5545,5.9017,0.0236,0.1540,4.0974,1.8680,1.0690,4.5834,3.5756,4.2890,2.2509,1.3299,2.5541,0.0336,5.4242,1.6367,3.0831,3.5128,5.2122,2.3589,4.4479,5.8369,0.8598,2.5730,0.4379,2.6870,5.0854,3.3212,1.0459,4.2366,1.4153,1.5846,3.3387,3.9858,3.1749,5.0364,1.4004,1.0336,0.2104,4.2987,3.0782,1.0548,5.0962,2.3313
HEADER,Raster Number, RF Direction,Polarization,Date,Time,
,5,Rx,Horizontal,2019/03/06,21:26:43
position BS1 -5.000, position BS2 -5.000, position RT1 0.000
AO settings - 5.7251,2.5084,2.4850,1.9789,3.4257,3.5337,3.3058,3.0507,4.5973,0.0697,0.0880,4.2761,4.6186,5.5655,0.3129,5.2847,5.7187,0.7458,0.1082,1.7974,1.4468,1.7616,2.5163,5.3671,2.7646,1.1583,5.3077,2.7124,1.5394,2.0650,5.5322,0.7973,1.9545,1.8289,3.4811,0.1533,3.3163,5.9342,3.5550,1.8726,3.7126,2.8702,3.6040,2.3620,4.6518,1.2848,3.5628,2.2459,1.1436,1.4999,2.7107,3.2376,3.7785,3.3577,0.3177,4.7286,3.1686,0.2774,3.7502,4.7603,2.6621,2.5186,1.7678,5.2425
HEADER,Raster Number, RF Direction,Polarization,Date,Time,
,5,Rx,Horizontal,2019/03/06,21:26:43
position BS1 -5.000, position BS2 -5.000, position RT1 0.000
AO settings - 1.8451,0.8646,5.4927,5.2747,3.0815,2.2358,2.5118,1.3156,0.9787,5.7925,4.7276,0.7932,4.8330,4.7203,2.6253,2.2350,4.9561,2.5604,2.9494,3.5648,5.7483,0.0427,2.2477,2.5463,2.2847,2.5383,5.2576,1.8315,1.2972,2.9993,4.6553,2.0599,5.9031,2.2323,5.8052,0.8319,1.9706,1.3594,2.7728,4.3188,2.9079,1.3057,1.3402,1.3542,1.1736,0.4338,3.8939,5.3002,2.0841,0.8705,5.4304,2.2563,0.0394,3.5881,5.6838,0.2046,1.9287,1.9417,0.3614,3.0118,5.3826,5.8096,3.9820,0.7018
HEADER,Raster Number, RF Direction,Polarization,Date,Time,
,5,Rx,Horizontal,2019/03/06,21:26:44
position BS1 -5.000, position BS2 -5.000, position RT1 0.000
AO settings - 1.5269,3.9762,5.4475,1.8462,3.0965,3.4835,1.4671,5.0687,3.8913,0.3690,5.1660,5.9173,5.5635,0.7473,1.1600,5.0582,2.5453,0.3839,4.1818,4.5972,4.2963,0.1907,3.2178,0.8165,1.1636,1.1203,2.0609,4.2685,1.5223,5.8679,5.8479,2.0093,3.1477,3.6280,4.7246,3.2658,5.8377,0.8148,4.7774,5.0077,1.0817,3.8652,2.3357,0.0791,2.6899,2.3377,3.5977,5.0428,4.5230,2.6633,0.2745,5.5603,3.7232,4.6027,1.9489,4.2592,2.6208,5.7969,5.2789,4.9472,4.2651,0.0054,4.5869,0.1960
HEADER,Raster Number, RF Direction,Polarization,Date,Time,
,5,Rx,Horizontal,2019/03/06,21:26:44
position BS1 -5.000, position BS2 -5.000, position RT1 0.000
AO settings - 5.6790,3.8961,0.5318,0.0912,2.8113,2.5499,1.2222,0.3108,5.6400,5.0352,4.2390,2.6973,1.8206,5.0899,3.6841,5.4540,0.8337,1.2138,1.8721,3.5659,2.0881,1.6723,2.0046,0.2002,0.1044,1.9093,2.5696,3.3330,4.9392,4.5694,1.1531,4.8262,5.3531,1.7479,5.5201,2.0553,5.0055,5.4187,4.1130,3.3167,3.1819,3.4984,5.2172,3.5312,2.6227,4.3721,1.9733,4.1268,0.9255,4.6589,3.3619,5.3951,3.9898,2.2284,1.5979,4.9767,5.1084,1.8834,4.5660,0.4342,0.8764,2.7279,4.7757,1.7478
HEADER,Raster Number, RF Direction,Polarization,Date,Time,
,5,Rx,Horizontal,2019/03/06,21:26:45
position BS1 -5.000, position BS2 -5.000, position RT1 0.000
AO settings - 1.0967,5.0485,4.8091,3.7122,2.1047,2.4722,5.5676,0.2423,3.5616,4.9553,1.6523,1.1284,3.6219,5.0048,4.5372,1.7175,3.3862,2.6544,2.8142,2.9250,2.7914,2.4432,3.8018,5.5782,2.4307,0.3178,3.5203,1.0265,1.8500,2.2812,5.4307,1.9167,3.4939,2.9822,4.8251,3.2197,1.3434,5.8265,0.9946,2.1618,5.2666,4.7342,2.9446,1.4925,2.8246,5.3256,0.2823,1.3309,2.4916,0.5725,3.7397,5.0306,5.7033,1.4278,2.6557,3.3712,1.0134,1.5246,0.0914,2.6908,2.9491,3.8985,3.9544,3.6280
HEADER,Raster Number, RF Direction,Polarization,Date,Time,
,5,Rx,Horizontal,2019/03/06,21:26:46
position BS1 -5.000, position BS2 -5.000, position RT1 0.000
AO settings - 2.4928,2.7918,3.9943,2.5046,1.0790,4.6791,2.5189,5.2868,4.1997,4.2513,0.9298,5.6332,5.6526,2.2037,2.6678,2.1319,0.5303,2.2448,3.4601,5.2836,0.0114,0.2965,1.9511,0.2177,5.0928,4.4977,4.2614,0.4382,5.6776,4.6068,2.4960,3.3547,1.6734,4.5877,0.4916,4.6851,2.5341,5.9294,0.4004,3.6650,0.8836,4.0188,0.2471,2.5664,2.0895,2.8107,2.5730,0.7562,3.4640,4.4228,4.8403,1.2477,1.7850,1.4254,5.5719,0.4488,5.0808,2.5388,3.8530,5.4455,2.5656,3.6936,5.1778,2.1970
HEADER,Raster Number, RF Direction,Polarization,Date,Time,
,5,Rx,Horizontal,2019/03/06,21:26:46
position BS1 -5.000, position BS2 -5.000, position RT1 0.000
AO settings - 0.0539,0.5878,1.4646,1.7085,5.0124,2.1723,4.4936,3.8403,3.1994,0.7986,4.1504,1.5040,1.5770,1.6031,2.6218,5.0846,1.5128,0.0645,0.7660,2.3183,0.0329,3.2231,0.6456,5.9554,2.8259,0.6288,3.8097,0.5069,2.3122,1.3288,3.8101,2.9682,0.2187,1.8677,3.6635,3.8302,1.1655,5.9468,2.5632,5.4994,5.1082,1.4284,5.1378,2.3098,5.6207,2.4812,3.3512,2.0916,5.4122,0.5584,4.4191,0.9721,3.8097,5.9523,2.5321,0.1260,2.0098,1.7690,2.4179,5.7623,2.9063,3.2074,1.7714,0.4647
HEADER,Raster Number, RF Direction,Polarization,Date,Time,
,5,Rx,Horizontal,2019/03/06,21:26:47
position BS1 -5.000, position BS2 -5.000, position RT1 0.000
AO settings - 0.6710,3.8987,4.2779,3.0424,3.8503,3.2198,2.0443,3.3251,0.9549,1.7957,4.1712,0.5999,1.3651,5.7243,2.5241,1.3368,2.5174,4.8770,4.6933,3.5296,2.2945,5.7158,0.0117,2.1837,4.3212,3.1805,4.4275,2.6182,1.1423,1.9963,3.8508,1.7962,3.0152,3.3909,0.9521,3.7297,0.0066,4.5120,4.5341,3.0395,3.9956,0.1956,5.7533,3.7856,3.6297,0.4258,1.1142,4.1926,0.9926,1.2445,0.6860,1.0936,1.3070,2.5208,1.6545,0.8221,0.1086,5.9577,2.1531,1.4704,5.0963,1.1889,4.1869,3.6205
HEADER,Raster Number, RF Direction,Polarization,Date,Time,
,5,Rx,Horizontal,2019/03/06,21:26:47
position BS1 -5.000, position BS2 -5.000, position RT1 0.000
AO settings - 3.7600,4.0120,1.7614,0.5619,2.8772,4.6926,4.6587,0.2942,4.7136,4.2782,0.1569,3.6981,5.1098,4.9368,2.4861,4.8380,3.1124,4.4219,5.5539,2.0812,4.7260,3.5132,5.6626,4.1754,4.2654,3.1834,3.6079,0.4151,2.7716,1.3698,3.5110,1.7807,2.0693,0.2750,3.5104,1.8114,1.4810,3.2717,3.8364,3.5534,3.0410,2.9957,2.4568,0.0951,4.5491,1.0611,3.9356,4.2832,4.4761,4.2019,1.8724,4.3639,4.6113,2.5147,2.2507,3.0606,0.6697,4.1962,0.4306,1.1987,2.5328,2.7936,3.6173,0.0995
HEADER,Raster Number, RF Direction,Polarization,Date,Time,
,5,Rx,Horizontal,2019/03/06,21:26:48
position BS1 -5.000, position BS2 -5.000, position RT1 0.000
AO settings - 3.0317,1.3637,2.0227,4.3848,1.9556,2.2702,1.3270,1.6368,5.8601,1.1709,5.1726,4.1732,0.6252,4.8516,2.5186,1.3718,3.7808,1.4162,2.5277,5.1154,2.5012,0.8015,4.0907,5.5863,5.8226,3.3389,3.0322,2.3228,4.0990,0.8037,0.2075,3.0396,5.0603,0.3104,0.1683,1.2291,3.0395,2.6040,4.1246,1.9443,3.3386,5.4926,4.0665,3.1275,0.9722,0.2275,5.0211,1.5224,4.8396,1.8368,2.1499,5.3955,2.3269,3.9041,5.5434,4.0121,1.4237,0.0075,3.8133,5.1173,2.2279,2.9324,1.9766,2.3853
HEADER,Raster Number, RF Direction,Polarization,Date,Time,
,5,Rx,Horizontal,2019/03/06,21:26:49
position BS1 -5.000, position BS2 -5.000, position RT1 0.000
AO settings - 1.9649,2.1463,3.2556,3.3976,0.9692,4.2628,4.3861,1.7611,3.4782,4.1370,5.9984,1.0920,0.3032,2.0364,5.3505,4.7023,2.5148,2.0133,3.3670,3.4882,3.2602,1.8574,4.0719,5.0187,1.7908,2.2090,3.9168,5.1857,0.0251,4.1024,2.8213,3.3713,5.2553,0.6161,5.5871,0.0583,3.2971,2.4360,3.2386,1.2273,4.0257,3.3964,2.5904,1.4397,2.5724,3.8468,5.9236,4.7785,3.1492,4.3367,4.6027,4.4762,2.7053,2.5584,5.3556,3.2982,5.3467,0.9883,0.4627,2.9664,2.4321,1.5856,2.9013,1.8041
HEADER,Raster Number, RF Direction,Polarization,Date,Time,
,5,Rx,Horizontal,2019/03/06,21:26:49
position BS1 -5.000, position BS2 -5.000, position RT1 0.000
AO settings - 4.3656,1.2539,3.6582,0.8859,2.0165,4.9879,2.1337,0.8452,5.0292,0.8126,3.7612,0.2123,0.5618,0.6042,1.8710,5.2525,1.2667,4.9259,0.4053,2.5036,0.4609,3.2085,5.4249,2.6970,1.2886,2.2191,4.7639,1.3806,1.5530,1.2185,5.7265,5.0245,1.5045,1.5315,5.5217,0.1545,1.2345,2.3521,1.1913,4.2234,4.4033,4.9195,0.7523,1.6705,1.7677,5.5347,5.1374,4.4346,1.7150,4.9107,0.5746,1.7950,5.3488,5.5262,4.3347,2.4021,0.9311,0.0393,4.4615,3.5723,1.2585,2.5318,4.0534,4.8466
HEADER,Raster Number, RF Direction,Polarization,Date,Time,
,5,Rx,Horizontal,2019/03/06,21:26:50
position BS1 -5.000, position BS2 -5.000, position RT1 0.000
AO settings - 4.7490,3.6969,5.7037,4.6827,5.3328,1.9590,4.1853,0.1630,0.6197,2.7469,4.7824,0.2775,1.0990,2.5643,4.2534,2.5828,1.5980,2.7028,2.7601,1.2599,4.3437,0.1073,4.2746,2.5342,3.4166,2.5603,2.4393,0.2435,3.8701,4.7155,2.3737,0.4365,0.1391,1.9338,4.3243,4.7901,1.7797,2.6578,3.7482,3.3648,4.7431,2.2377,0.8885,5.3259,4.2687,4.1782,3.3712,2.9294,2.1240,5.5503,5.7640,4.8844,1.3474,1.6282,1.9709,1.1780,4.7869,3.7316,1.0994,1.3392,3.1458,0.7719,4.3692,3.8999
HEADER,Raster Number, RF Direction,Polarization,Date,Time,
,5,Rx,Horizontal,2019/03/06,21:26:50
position BS1 -5.000, position BS2 -5.000, position RT1 0.000
AO settings - 2.7036,0.0616,0.0221,3.4841,4.3953,0.2331,2.4559,1.0043,0.4717,5.8117,2.4987,4.4788,0.7434,4.7995,0.4442,5.5645,1.3429,5.3380,0.1542,4.0950,4.3340,2.0690,1.7715,4.2366,1.6203,0.8350,1.4398,0.0279,2.3078,2.2278,0.6651,2.5526,1.0758,5.7491,0.4631,5.8017,2.5919,2.4751,5.8802,1.0264,1.5470,3.1208,5.3165,5.7009,3.0569,5.9545,3.0440,1.8796,5.1125,1.7686,0.2278,1.6908,0.4255,5.3328,1.1396,4.9518,1.4116,1.3568,3.5713,3.5047,3.0217,4.7332,4.2944,4.2602
HEADER,Raster Number, RF Direction,Polarization,Date,Time,
,5,Rx,Horizontal,2019/03/06,21:26:51
position BS1 -5.000, position BS2 -5.000, position RT1 0.000
AO settings - 0.3985,2.8239,3.4145,5.3517,4.8112,1.0603,5.5958,5.8689,3.5483,4.0579,2.0362,1.2859,2.8097,4.5754,2.3650,5.6604,4.1947,4.4352,3.3702,0.0696,2.5674,2.1021,0.7715,0.2009,3.7262,5.0393,1.3862,3.2907,1.3393,3.4210,2.9921,3.8297,5.9127,0.6876,4.6900,3.2947,0.3241,2.6388,2.7621,4.8384,0.5561,0.4467,2.7235,1.3783,4.6306,4.3707,5.4759,4.5888,3.7138,0.3012,1.6520,2.9991,2.7936,3.5019,5.6004,2.7403,4.2556,4.6470,5.7490,3.5468,1.5110,0.7869,4.4655,5.3671
HEADER,Raster Number, RF Direction,Polarization,Date,Time,
,5,Rx,Horizontal,2019/03/06,21:26:52
position BS1 -5.000, position BS2 -5.000, position RT1 0.000
AO settings - 0.3018,4.9571,1.9815,1.9425,0.6216,1.4354,2.5199,4.0080,2.9820,5.0479,4.8188,4.7865,5.2832,1.4632,2.2899,5.8992,3.7044,3.0356,3.0038,1.4499,0.4680,2.3467,3.7322,3.5929,3.7082,3.6213,4.1824,0.5837,5.9000,0.3615,2.8362,4.1569,1.7872,1.2868,0.2970,4.2385,5.6182,4.1008,4.6950,5.6234,3.0042,1.8789,3.8332,3.3050,1.8134,5.7403,4.7143,5.0428,3.9877,1.7905,0.6511,3.2879,5.5758,4.9347,0.7086,2.5198,0.3952,4.5249,3.4616,5.8422,4.7830,2.1222,0.7838,5.0923
HEADER,Raster Number, RF Direction,Polarization,Date,Time,
,5,Rx,Horizontal,2019/03/06,21:26:52
position BS1 -5.000, position BS2 -5.000, position RT1 0.000
AO settings - 4.3525,4.5038,2.4305,0.7950,4.6218,3.0120,3.0009,2.3382,2.3461,3.0408,2.7644,2.8361,3.1760,5.6790,4.3177,1.5781,1.4275,3.2606,5.3450,0.8039,4.8718,0.2361,0.9607,1.3110,4.7233,3.9757,2.9813,5.1592,1.9666,1.7931,0.0592,1.1799,5.1267,4.2839,1.3647,2.1043,2.4525,3.1059,1.3924,1.1690,5.6843,2.9145,1.0498,0.3892,3.6901,5.7897,2.1739,5.2622,0.5005,3.2546,3.1597,3.0167,4.1308,5.0027,1.8566,4.9108,2.8290,0.5188,5.5093,4.3107,1.0024,3.0569,0.9986,0.9331
HEADER,Raster Number, RF Direction,Polarization,Date,Time,
,5,Rx,Horizontal,2019/03/06,21:26:53
position BS1 -5.000, position BS2 -5.000, position RT1 0.000
AO settings - 3.2559,2.8938,5.4396,3.7316,4.9709,1.4289,1.1572,5.9037,5.7076,0.9180,4.8026,1.3052,0.4396,5.2352,3.5445,5.2330,2.2825,3.1565,4.4823,0.9148,0.1799,1.8839,0.4482,3.8875,0.7956,2.7949,0.5816,2.2568,1.7751,3.2484,4.9646,4.8104,5.7486,3.0719,5.5538,3.1877,3.7911,3.2592,4.3484,4.4608,3.4950,0.9991,0.8352,3.7659,3.4234,5.7742,2.5797,0.1728,4.4430,3.3856,4.0061,4.7408,0.0539,5.1610,4.8366,0.5922,1.5635,2.2595,1.5931,0.3271,4.4248,2.4944,1.4898,0.7360
HEADER,Raster Number, RF Direction,Polarization,Date,Time,
,5,Rx,Horizontal,2019/03/06,21:26:53
position BS1 -5.000, position BS2 -5.000, position RT1 0.000
AO settings - 4.0517,3.3327,0.2280,1.3773,3.1214,2.0875,1.8465,0.8448,0.8157,5.7223,4.3210,0.2412,1.8964,3.3136,5.1205,1.7628,1.6258,3.7024,1.5753,1.0612,0.0660,2.9972,0.3427,4.8109,2.9475,1.8264,0.6906,1.6592,5.1733,2.7035,5.1473,3.6675,0.7074,0.9311,3.3110,2.3458,3.9638,1.5109,2.3481,5.5263,4.9429,3.3422,4.1075,3.1099,1.1392,4.4300,3.6489,4.5262,0.8490,3.5041,2.0814,1.0185,3.7852,2.7140,0.2920,4.3789,3.6917,5.3142,2.2987,2.0070,1.5635,2.6921,5.5218,2.0169
HEADER,Raster Number, RF Direction,Polarization,Date,Time,
,5,Rx,Horizontal,2019/03/06,21:26:54
position BS1 -5.000, position BS2 -5.000, position RT1 0.000
AO settings - 4.5207,1.1939,4.7425,2.5485,3.3039,4.0863,4.2828,0.5757,3.7470,3.6269,1.3246,0.9072,3.5517,1.9151,0.0411,0.3813,2.4100,5.0911,1.0933,5.2807,3.1506,4.9272,2.5910,4.8827,3.9462,3.6317,0.1152,5.0401,0.3686,4.9613,1.3714,1.7372,0.0897,0.2106,0.1842,4.5502,0.9271,3.0622,5.0788,3.8249,3.1177,3.5665,3.2174,3.4230,3.8355,1.6263,5.2288,1.7016,1.5112,3.8224,5.0067,0.9652,0.6606,4.2520,2.9428,2.0092,5.2112,3.8267,1.4780,5.8209,3.1494,0.4911,0.4083,5.3443
HEADER,Raster Number, RF Direction,Polarization,Date,Time,
,5,Rx,Horizontal,2019/03/06,21:26:55
position BS1 -5.000, position BS2 -5.000, position RT1 0.000
AO settings - 4.6618,0.5772,5.8462,1.1360,4.8460,4.2871,5.4060,0.2671,3.2713,3.0019,1.0823,3.5228,0.9090,3.3512,1.7399,1.6742,4.2263,4.1442,5.6601,2.0509,3.1526,1.1958,5.3534,2.7664,5.2345,4.8741,0.9481,0.4304,3.8042,4.9262,0.1756,5.2360,2.8409,2.7177,4.6383,1.8051,1.2818,1.7219,3.9688,4.1348,1.4725,2.5079,4.0319,4.9161,4.6178,3.2328,2.1083,5.0222,2.6184,3.6122,2.8636,4.2459,4.2879,0.6380,5.1386,5.1724,0.2844,3.7459,0.0027,5.1059,0.7584,2.4341,1.8954,5.9012
HEADER,Raster Number, RF Direction,Polarization,Date,Time,
,5,Rx,Horizontal,2019/03/06,21:26:55
position BS1 -5.000, position BS2 -5.000, position RT1 0.000
AO settings - 5.0700,3.4012,0.7858,4.4090,4.5289,5.4437,4.3003,3.7711,0.4288,3.2032,0.9550,2.5261,4.8889,2.7841,1.7362,2.5793,5.4830,3.9021,3.7682,4.2237,5.0317,0.0765,1.4521,1.2466,4.9160,4.6981,3.1355,1.2408,2.7070,0.9624,5.1965,0.7583,5.0936,2.6882,0.6525,2.6023,0.3659,3.7005,5.2126,1.6606,4.0759,1.2861,2.7697,4.1463,4.2032,2.6117,0.3791,2.1390,4.2607,4.6146,1.8216,2.3143,5.3761,0.9627,2.3520,4.6307,3.7144,1.9894,0.9530,3.9804,0.2278,3.5686,0.9438,4.0278
HEADER,Raster Number, RF Direction,Polarization,Date,Time,
,5,Rx,Horizontal,2019/03/06,21:26:56
position BS1 -5.000, position BS2 -5.000, position RT1 0.000
AO settings - 2.1028,3.7473,2.8970,4.9903,2.1967,2.8670,0.9292,4.3794,5.2780,0.2478,5.3000,3.2348,2.3269,1.7934,2.6569,4.0338,3.8334,5.4212,2.7804,5.1563,0.0395,5.2186,3.9868,5.0423,2.5462,5.9774,2.2006,3.6014,0.1219,2.4787,5.7866,4.2612,2.9155,3.0015,3.7442,3.5017,2.1559,0.5315,4.2333,4.3072,5.8241,2.5435,0.5971,0.5970,4.3047,0.1967,5.7314,4.7453,2.3841,5.2077,1.8788,4.5220,3.9270,3.9100,4.3944,2.0035,3.2009,0.3313,2.7950,5.2701,4.0130,5.3967,3.9132,0.9597
HEADER,Raster Number, RF Direction,Polarization,Date,Time,
,5,Rx,Horizontal,2019/03/06,21:26:57
position BS1 -5.000, position BS2 -5.000, position RT1 0.000
AO settings - 2.0570,4.9351,4.8096,4.3793,2.7221,1.4611,2.2382,1.1447,3.4061,0.8394,5.6583,4.5501,2.5581,2.2980,5.4891,5.7528,5.4771,3.7036,4.0390,3.3236,2.4447,5.2026,0.9610,4.9504,3.2248,5.8328,2.0347,5.3485,4.8409,0.4686,4.3531,5.7240,5.2049,4.8238,2.3691,1.9406,1.8944,5.5781,3.4273,0.2892,5.8277,5.1106,2.2626,1.0127,3.1000,5.6244,2.3113,0.8729,0.0480,0.8824,3.1592,4.4067,2.4117,4.2191,0.2691,0.7154,1.6205,3.8840,2.6394,3.6489,2.5456,1.1762,5.5513,3.2498
HEADER,Raster Number, RF Direction,Polarization,Date,Time,
,5,Rx,Horizontal,2019/03/06,21:26:57
position BS1 -5.000, position BS2 -5.000, position RT1 0.000
AO settings - 4.5549,2.3427,1.6261,3.2312,2.8315,5.7367,0.1261,4.6139,5.3059,4.8644,5.1892,3.7603,0.0656,3.4325,0.7271,2.3218,4.4103,3.1887,2.4646,0.5191,4.1635,2.1765,2.9135,2.7094,2.7729,1.8152,4.5553,5.8109,0.0784,0.8773,2.8841,5.5427,2.7371,0.9301,0.3510,2.2243,1.9392,5.0691,0.4487,3.2249,0.5102,5.6748,5.2545,3.2407,3.6091,5.8443,5.1313,5.7458,4.8918,1.5841,5.0609,2.6885,0.6639,0.9284,0.7068,4.1249,1.7867,5.4458,1.3944,3.4625,4.2365,1.3845,0.9131,4.0202
HEADER,Raster Number, RF Direction,Polarization,Date,Time,
,5,Rx,Horizontal,2019/03/06,21:26:58
position BS1 -5.000, position BS2 -5.000, position RT1 0.000
AO settings - 3.3081,0.1393,5.5706,3.4561,3.4503,3.0226,3.4923,4.0007,1.8368,0.9280,3.0330,5.6453,4.0971,0.8890,3.6628,1.6780,2.7598,0.0769,3.7551,0.2923,3.7900,0.3583,5.7829,3.6276,5.6647,1.4802,4.4387,4.5075,3.6224,3.2376,3.9081,2.8640,3.9408,2.3465,5.7840,5.6352,5.2880,5.5596,4.7732,0.1635,2.1021,4.6533,1.9583,0.0470,2.1773,2.5218,4.2406,4.9769,0.9658,2.7257,3.3903,3.3158,3.9810,3.4639,0.8183,5.7093,0.5709,5.0111,3.6992,0.3791,1.2128,4.9185,0.5359,4.9036
HEADER,Raster Number, RF Direction,Polarization,Date,Time,
,5,Rx,Horizontal,2019/03/06,21:26:58
position BS1 -5.000, position BS2 -5.000, position RT1 0.000
AO settings - 2.0566,2.3672,4.7064,2.1154,3.9731,4.2516,4.4430,5.5072,0.2920,5.4828,2.1912,0.4312,2.8677,0.8468,3.6497,0.5840,0.0795,0.3876,5.5594,4.0479,4.3753,1.7372,1.3452,5.1481,1.3248,5.5707,1.9292,3.5257,1.2882,3.3672,0.8338,3.7017,5.8325,0.2865,5.3842,0.0783,2.1762,1.4259,3.5689,5.8113,0.5176,4.8079,3.4947,2.2445,1.5310,2.7654,2.4660,0.2727,2.1872,3.6995,1.9928,3.7780,4.6964,3.4295,4.9881,5.8426,0.8812,2.8848,3.2112,3.3441,1.4474,1.6134,2.0425,1.6584
HEADER,Raster Number, RF Direction,Polarization,Date,Time,
,5,Rx,Horizontal,2019/03/06,21:26:59
position BS1 -5.000, position BS2 -5.000, position RT1 0.000
AO settings - 4.4515,1.0359,5.5597,2.3650,0.1094,4.9203,2.7015,0.6999,4.4545,2.4560,0.6183,2.9875,1.2647,5.0663,3.5655,2.7078,2.1933,0.2528,5.3806,5.7102,0.7258,4.7039,2.1942,4.8787,3.3092,2.6108,5.4145,4.1690,3.9140,0.1369,1.8731,2.6074,1.0200,2.8019,2.3009,2.0381,3.4925,3.9753,2.4966,1.6394,3.2104,1.9168,4.0118,4.5776,4.2510,5.5621,0.1826,3.9490,2.4211,5.3987,4.0588,3.5472,2.1934,3.2773,0.4187,0.8391,3.8070,1.3058,0.9576,2.7268,1.5254,5.8272,2.9538,1.6989
HEADER,Raster Number, RF Direction,Polarization,Date,Time,
,5,Rx,Horizontal,2019/03/06,21:27:00
position BS1 -5.000, position BS2 -5.000, position RT1 0.000
AO settings - 5.1755,4.7407,0.9430,5.3760,1.8942,3.3005,4.2304,3.9651,5.5912,3.8323,4.5849,2.9999,4.2110,4.4489,2.1845,3.7727,4.3710,3.6611,5.3348,1.0185,5.2021,5.6593,0.1908,2.4090,0.3362,0.0948,0.4267,0.9880,0.5780,3.7404,5.0353,1.9304,4.8289,5.2021,1.0294,4.6844,5.3378,5.3444,3.0801,5.4472,4.3242,3.7451,2.4488,4.0093,5.4456,4.0830,4.1360,3.9295,4.8906,0.9564,4.2056,3.8580,0.8633,4.6881,1.4713,1.8552,2.4395,3.9941,3.7628,3.8678,5.2743,4.9798,2.9030,5.0795
HEADER,Raster Number, RF Direction,Polarization,Date,Time,
,5,Rx,Horizontal,2019/03/06,21:27:00
position BS1 -5.000, position BS2 -5.000, position RT1 0.000
AO settings - 2.1048,3.2450,3.2069,1.2399,2.1483,5.7479,2.2854,2.3831,5.0227,2.2204,4.7279,4.9175,1.7715,4.9438,4.9837,3.2161,3.4439,4.2567,2.5717,0.0880,3.6429,3.9677,4.4444,2.0268,4.6691,1.0821,2.5285,4.9672,5.6722,4.6895,2.5030,4.2629,0.0650,0.3356,3.5222,3.0594,4.5897,3.2512,5.1112,5.7721,2.2191,4.9814,2.3061,1.0508,1.2577,1.5241,5.7382,0.0549,2.1316,3.1344,2.2223,5.6377,3.9942,5.2793,5.2730,5.1681,3.4115,1.0884,4.2776,4.0935,5.0157,2.3144,4.5390,5.2628
HEADER,Raster Number, RF Direction,Polarization,Date,Time,
,5,Rx,Horizontal,2019/03/06,21:27:01
position BS1 -5.000, position BS2 -5.000, position RT1 0.000
AO settings - 3.4318,1.6327,4.8837,1.5225,2.0346,2.3927,0.5364,4.8558,2.7306,1.1870,5.8502,2.1366,2.7476,0.2645,2.6391,1.6630,0.0368,2.2140,0.6025,2.0790,1.1237,2.5121,4.9672,4.8057,1.4629,4.2027,5.3712,2.4610,1.0737,1.5290,1.2849,4.0203,4.0980,3.2218,3.2467,5.5034,5.4743,0.5719,0.7043,0.0644,5.9929,0.9522,5.6592,1.0748,5.0098,0.2588,3.2892,2.7160,5.1450,5.1657,5.7595,3.1322,4.6752,1.7501,0.3696,2.4174,2.2617,3.8600,1.7168,0.5835,2.1457,1.5465,3.4811,5.4430
HEADER,Raster Number, RF Direction,Polarization,Date,Time,
,5,Rx,Horizontal,2019/03/06,21:27:02
position BS1 -5.000, position BS2 -5.000, position RT1 0.000
AO settings - 0.3196,1.1580,1.2481,5.6836,3.4236,4.3731,2.9636,5.9183,2.0551,0.7177,2.8249,5.5741,0.8216,3.1911,4.4703,2.1869,2.9470,2.2108,2.0705,2.7499,0.5161,2.7344,5.9415,0.5208,0.2692,4.7587,0.7421,3.8066,1.9224,5.1834,1.2119,3.1843,3.1127,5.1213,3.4431,1.2122,2.5010,0.7678,5.3942,0.4721,4.4978,2.3767,4.3070,3.4659,4.5166,2.7171,5.1944,0.2928,3.8559,4.2463,4.2213,1.8748,1.9768,3.1242,4.1390,5.7805,2.4618,2.5183,1.9993,2.8024,3.2274,0.1432,0.5617,4.7377
HEADER,Raster Number, RF Direction,Polarization,Date,Time,
,5,Rx,Horizontal,2019/03/06,21:27:02
position BS1 -5.000, position BS2 -5.000, position RT1 0.000
AO settings - 1.2652,2.8034,3.8470,0.4905,5.8850,2.8897,1.9955,3.6628,0.8513,2.8556,4.8077,3.5242,4.6355,0.9684,1.1393,1.8214,0.6858,3.5453,0.7115,2.2842,2.1529,1.6364,1.6849,3.5161,2.5074,1.4334,1.3734,0.1996,3.6040,1.8589,4.7374,2.6061,1.8003,5.2882,2.9532,5.3663,0.0594,3.1586,4.8545,0.1701,1.5980,4.3436,0.9698,2.4607,2.0584,4.6838,1.2295,4.7938,0.7036,4.0529,5.9376,1.3149,1.3689,0.5150,1.8135,1.0125,1.0535,1.8972,0.5131,5.5320,2.1730,3.4072,2.4324,3.1730
HEADER,Raster Number, RF Direction,Polarization,Date,Time,
,5,Rx,Horizontal,2019/03/06,21:27:03
position BS1 -5.000, position BS2 -5.000, position RT1 0.000
AO settings - 1.3327,1.8304,0.0231,1.4451,5.3375,5.5588,0.4873,1.1999,0.5635,1.5092,4.4698,4.8154,3.0880,3.1767,2.2201,5.0619,2.1485,0.6216,1.5012,4.0506,5.3664,5.2302,3.4742,3.7292,1.4341,2.9269,1.4539,5.3530,5.3631,0.2848,0.7094,0.5577,5.7257,1.0694,3.7734,0.9928,0.2829,2.1026,1.1663,2.7878,3.1364,0.5679,1.6916,5.2941,2.2462,0.6291,4.6658,4.4957,2.7561,3.1861,5.5003,5.5478,5.0869,1.4441,2.6204,2.2267,1.2484,1.7591,3.6458,4.2926,4.2576,0.5658,4.9737,0.0265
HEADER,Raster Number, RF Direction,Polarization,Date,Time,
,5,Rx,Horizontal,2019/03/06,21:27:03
position BS1 -5.000, position BS2 -5.000, position RT1 0.000
AO settings - 2.7967,4.1368,5.9274,0.1943,0.6908,5.9101,0.5792,4.3623,2.1842,2.9159,0.4695,1.9518,1.8622,3.5558,4.6337,3.5574,2.5612,1.0141,0.7152,2.5230,4.5392,5.5566,3.1172,0.2212,0.6622,1.4625,5.9649,1.0421,5.7071,1.1782,3.5569,4.5798,2.4378,5.7488,5.9438,2.0055,3.3430,1.6466,2.8664,4.8695,0.1284,0.9935,5.8095,0.4042,2.3561,4.9641,1.4900,3.0387,2.9289,3.9221,2.5092,4.1637,0.4985,1.5487,5.4731,3.5195,4.7672,1.2740,2.2165,1.2549,0.2739,4.5800,4.0883,0.3235
HEADER,Raster Number, RF Direction,Polarization,Date,Time,
,5,Rx,Horizontal,2019/03/06,21:27:04
position BS1 -5.000, position BS2 -5.000, position RT1 0.000
AO settings - 1.5863,5.2071,2.8763,0.8554,5.6041,2.5362,3.8964,1.1702,3.4300,3.4141,4.3106,1.2039,0.4346,3.2259,4.8452,1.8442,1.3544,3.4134,1.5337,0.0713,5.5796,5.6120,1.8278,3.5531,5.5874,2.9004,1.0717,5.1872,0.2367,0.3863,5.7700,2.0339,1.5502,4.1717,2.9614,2.3645,2.0096,5.9368,3.6294,1.9845,2.0655,1.6079,3.8356,5.5513,1.1514,2.3806,3.1512,4.1584,2.6293,1.1800,1.8087,2.5108,3.2429,2.3018,4.0367,5.8037,1.5329,5.6012,3.4435,2.1445,4.5637,1.0830,5.8621,1.0148
HEADER,Raster Number, RF Direction,Polarization,Date,Time,
,5,Rx,Horizontal,2019/03/06,21:27:05
position BS1 -5.000, position BS2 -5.000, position RT1 0.000
AO settings - 5.4336,3.0650,5.0513,2.8878,5.0773,2.7059,0.9321,2.3990,1.0343,0.8418,0.3242,5.3850,5.9091,0.0340,4.0354,4.6192,5.1906,2.1767,3.4092,0.5435,2.0610,0.2866,5.7192,0.4964,3.3978,4.3959,5.0502,0.0152,3.9191,0.7334,5.1060,3.1293,3.3030,3.0663,5.2338,5.5616,2.8392,0.9942,5.3296,0.5087,3.8836,1.9936,3.1735,4.3467,2.5703,1.6404,5.7892,4.4870,2.0822,2.5203,0.6553,3.6746,3.6924,1.8308,1.9638,3.7006,2.3208,2.8601,3.3180,5.4811,1.2053,4.3412,4.7389,2.2202
HEADER,Raster Number, RF Direction,Polarization,Date,Time,
,5,Rx,Horizontal,2019/03/06,21:27:05
position BS1 -5.000, position BS2 -5.000, position RT1 0.000
AO settings - 3.6482,1.6378,2.9489,1.8734,2.2086,4.5167,4.2684,3.2868,3.1340,2.0349,3.0042,3.0652,1.1383,5.3189,5.9282,1.4645,0.5161,0.1623,3.0959,1.5011,2.4401,2.6880,5.3053,2.7868,4.1350,5.3911,3.7211,4.7414,5.2442,2.4890,2.6954,4.8930,2.8568,4.8955,2.1312,0.4367,4.7145,3.3986,3.0978,1.5895,1.6708,1.6327,4.8746,1.5364,1.2018,3.9765,3.6607,5.1534,3.7754,5.6468,0.8554,2.0861,0.0985,1.6289,1.4968,0.1396,3.3280,1.1008,1.0360,3.9302,2.2600,0.0285,3.0646,4.7646
HEADER,Raster Number, RF Direction,Polarization,Date,Time,
,5,Rx,Horizontal,2019/03/06,21:27:06
position BS1 -5.000, position BS2 -5.000, position RT1 0.000
AO settings - 5.3445,0.5003,3.5337,2.1565,4.7443,3.6926,4.5493,0.0227,0.3438,0.6876,5.5058,0.4613,2.1148,5.8089,1.0690,2.4018,1.9580,2.4376,1.5311,4.4302,1.7056,1.3209,4.8072,4.4137,3.1721,0.5013,0.3814,5.3490,2.8852,5.9703,4.1175,4.8854,0.7867,3.5680,4.3334,5.6815,2.9894,0.2122,2.9763,2.1587,2.0064,1.4405,5.4166,0.9873,0.5798,5.5281,3.1528,4.5355,2.1804,1.2431,4.6825,5.0825,4.1798,5.3070,1.9196,0.3194,1.4070,2.9757,5.9669,4.4068,5.9977,1.5638,1.0064,0.9480
HEADER,Raster Number, RF Direction,Polarization,Date,Time,
,5,Rx,Horizontal,2019/03/06,21:27:06
position BS1 -5.000, position BS2 -5.000, position RT1 0.000
AO settings - 5.1948,1.6872,4.1306,5.3914,4.7662,2.6951,1.6123,3.6835,1.8806,4.3688,4.8584,1.7292,2.7624,3.6845,1.6845,5.4020,0.6469,3.2863,0.6557,5.4563,1.3557,2.0405,0.1394,2.5943,1.7715,2.9056,1.7489,4.1499,0.4863,2.9565,2.1232,5.7935,4.0558,4.9947,2.0376,1.9172,1.1093,0.8125,4.8315,4.9182,0.0438,5.4184,4.7261,2.0701,2.4710,0.4087,1.9959,2.9865,0.2056,4.3760,1.6551,2.6281,5.3471,2.7092,1.8123,3.8319,3.9430,4.3474,3.5165,0.5062,2.1555,2.9135,4.7065,4.2019
HEADER,Raster Number, RF Direction,Polarization,Date,Time,
,5,Rx,Horizontal,2019/03/06,21:27:07
position BS1 -5.000, position BS2 -5.000, position RT1 0.000
AO settings - 4.5889,2.0702,2.9332,2.4481,4.7207,5.2691,1.4863,3.9171,2.7248,0.7433,0.9815,1.7357,3.6895,0.0704,5.3279,5.8222,4.7528,4.6579,0.5246,4.4163,1.9856,2.8685,5.1091,4.4486,1.8775,2.9944,2.3076,0.2778,2.8637,1.3370,2.0109,3.2272,2.2248,4.5032,1.5505,4.6593,4.2662,3.4467,5.8862,3.7396,1.5950,4.4470,1.0882,1.8988,0.1268,3.7801,5.6084,0.7784,1.8301,3.4511,4.2102,1.8209,0.2494,0.8232,2.4695,4.1056,4.9931,5.5331,3.5802,0.6928,3.1176,2.0994,2.4691,5.4435
HEADER,Raster Number, RF Direction,Polarization,Date,Time,
,5,Rx,Horizontal,2019/03/06,21:27:08
position BS1 -5.000, position BS2 -5.000, position RT1 0.000
AO settings - 0.1940,4.5019,0.1667,4.3718,5.0282,2.3251,4.9622,3.9087,3.4434,2.9161,2.3819,0.7954,4.3698,5.2394,5.7596,5.6797,0.1446,1.4207,0.0181,0.6785,1.7741,5.5718,5.1056,0.2066,3.9348,5.1722,0.6236,4.9913,3.2367,2.3152,4.4233,1.1718,3.3977,4.0619,2.1819,3.7542,5.4767,3.7105,2.9639,2.5046,2.3041,5.3105,3.2701,5.3248,3.9329,1.0871,2.5447,3.7570,0.0504,1.7332,5.1886,4.6381,3.2199,4.8719,1.0875,2.2718,2.9998,1.9190,4.9422,1.7993,2.5136,1.4010,2.1660,1.1836
HEADER,Raster Number, RF Direction,Polarization,Date,Time,
,5,Rx,Horizontal,2019/03/06,21:27:08
position BS1 -5.000, position BS2 -5.000, position RT1 0.000
AO settings - 5.2950,5.2582,1.9244,3.7470,2.8065,4.4917,5.3166,2.0212,5.4973,5.5666,1.1276,2.3292,1.6581,2.6305,5.7527,2.1764,0.8173,2.1678,5.2923,1.5454,5.9111,4.2090,2.5620,3.1932,2.4317,1.6232,5.8156,0.7494,3.8021,4.0727,2.0213,4.2383,1.5419,4.3148,1.0336,0.3601,3.4913,2.6022,0.6776,5.2799,3.2211,3.1212,1.4067,2.7576,3.2248,1.1153,2.5261,0.5309,1.4503,1.6477,4.2015,1.0408,1.6734,1.8034,1.9123,3.8177,3.2750,3.5391,4.5326,0.4951,5.3483,5.1197,4.1571,2.7739
HEADER,Raster Number, RF Direction,Polarization,Date,Time,
,5,Rx,Horizontal,2019/03/06,21:27:09
position BS1 -5.000, position BS2 -5.000, position RT1 0.000
AO settings - 5.6029,0.1750,0.9957,3.5817,5.8187,1.8820,1.6989,4.1493,0.0265,3.2328,2.7231,1.7769,3.8122,0.4639,5.4324,1.8432,3.1567,5.3200,2.4476,2.3561,5.2893,5.8014,0.6797,1.5562,2.8469,5.4061,1.3449,4.5899,3.4378,0.0933,1.1512,5.2408,0.0538,5.7899,3.3897,4.4231,0.6038,0.3446,3.9896,4.1605,0.1931,1.0143,4.0461,5.3553,2.3772,3.1952,5.7526,4.9847,3.6885,3.0012,4.0861,3.3997,3.9383,1.1565,1.4928,3.2788,1.5037,0.9506,4.4045,5.3222,2.9716,0.1118,0.4441,3.1267
HEADER,Raster Number, RF Direction,Polarization,Date,Time,
,5,Rx,Horizontal,2019/03/06,21:27:09
position BS1 -5.000, position BS2 -5.000, position RT1 0.000
AO settings - 1.5895,3.3632,3.5358,0.6491,0.9793,5.5665,0.7835,4.8160,5.6033,3.1150,5.9246,0.0028,5.3613,0.5950,0.6396,3.7812,2.1158,1.0779,4.2812,1.6716,2.0145,4.6181,5.7180,5.0000,0.0745,3.4893,0.4361,4.8694,5.2393,1.6704,5.4309,3.9006,5.4113,0.9150,5.8580,4.6356,5.4516,2.9890,2.1016,2.7676,3.3896,5.1924,4.4064,2.8340,4.0807,2.1842,4.8850,3.1134,3.1432,0.0504,0.3362,4.8674,3.4145,2.4513,2.2855,2.1687,4.3924,0.1642,5.4558,3.5902,1.9386,1.9709,1.9694,1.5998
HEADER,Raster Number, RF Direction,Polarization,Date,Time,
,5,Rx,Horizontal,2019/03/06,21:27:10
position BS1 -5.000, position BS2 -5.000, position RT1 0.000
AO settings - 3.2258,5.6563,0.2406,0.1762,4.6755,4.3192,5.3650,2.1735,2.9602,1.3533,4.5248,1.5249,5.8312,2.6801,0.9091,4.0970,4.4749,2.5678,0.2560,0.5541,0.4629,4.1525,3.6815,0.8219,1.3514,0.7699,4.3652,1.1287,3.5533,3.3040,5.4950,3.3627,4.6730,1.4122,2.1795,0.7885,1.7827,4.9634,0.4814,0.6167,1.7015,3.0917,5.1971,5.5259,0.1132,4.8492,0.9840,1.7678,1.8491,0.3351,0.6174,5.3762,0.4908,4.3122,4.2424,1.6623,0.9515,3.0538,4.3583,4.3776,1.2597,0.8639,1.8026,0.3743
HEADER,Raster Number, RF Direction,Polarization,Date,Time,
,5,Rx,Horizontal,2019/03/06,21:27:11
position BS1 -5.000, position BS2 -5.000, position RT1 0.000
AO settings - 2.3339,4.9379,5.7858,4.8686,0.4967,4.9487,0.0940,3.7941,0.5877,5.1132,4.6156,0.4851,0.9773,1.7889,2.9395,2.4309,5.5160,4.6659,3.5121,5.0521,0.4330,0.8918,2.6973,2.3799,5.9929,4.2132,4.0592,0.0171,1.3128,0.2513,3.8921,0.9763,4.0516,0.1053,2.4944,2.5497,4.2089,1.4476,1.1133,2.7956,3.7067,0.7684,2.4411,1.9125,1.0528,3.0657,3.9044,1.0214,2.7450,2.7500,2.9231,3.3281,0.5469,1.5958,4.3177,1.8391,4.3479,2.9370,2.1072,3.7700,5.2095,0.1012,4.6391,2.0148
HEADER,Raster Number, RF Direction,Polarization,Date,Time,
,5,Rx,Horizontal,2019/03/06,21:27:11
position BS1 -5.000, position BS2 -5.000, position RT1 0.000
AO settings - 4.5353,5.0994,5.1277,2.6182,4.2086,1.7348,1.3844,1.0088,1.3490,0.4053,4.9553,3.6503,2.9359,1.1096,5.3767,4.9855,4.9920,4.9972,3.2782,3.0842,5.2861,4.4897,0.8606,1.3995,5.2955,4.1440,1.5985,2.8948,4.9100,3.5451,1.5533,1.6954,1.0160,0.7591,4.1816,4.6642,1.2720,1.3881,1.7071,0.2646,4.2240,5.4253,4.7038,1.2680,4.3979,5.0878,3.2130,0.0840,0.6966,3.2930,1.0474,3.6585,3.9025,3.7657,5.0099,0.4513,5.3382,4.1955,2.9809,1.1415,3.7838,1.9687,0.1533,3.4493
HEADER,Raster Number, RF Direction,Polarization,Date,Time,
,5,Rx,Horizontal,2019/03/06,21:27:12
position BS1 -5.000, position BS2 -5.000, position RT1 0.000
AO settings - 0.9713,1.0796,5.6215,5.2806,5.7104,3.8533,2.3535,4.7982,3.4893,5.7811,4.3099,3.6993,3.4543,1.1980,2.8118,0.0533,5.6897,2.0767,3.1523,3.7316,0.8097,5.1768,4.1980,3.9270,2.6717,0.7792,1.7775,4.2362,2.7246,0.8254,4.0790,4.0275,0.9020,2.2753,5.3558,1.0538,4.3586,1.2306,2.3832,2.3461,3.0253,0.5167,5.8410,1.1900,3.3307,1.0686,0.4308,5.3777,5.3871,0.9227,4.2764,1.1067,2.9481,4.4432,1.6771,0.3436,1.8589,1.7279,5.4800,4.6789,0.4558,0.4577,4.3128,2.1132
HEADER,Raster Number, RF Direction,Polarization,Date,Time,
,5,Rx,Horizontal,2019/03/06,21:27:12
position BS1 -5.000, position BS2 -5.000, position RT1 0.000
AO settings - 5.1310,0.0072,2.1600,3.1078,4.8929,5.9068,5.8897,4.9287,0.9959,0.6048,3.4094,4.9975,4.4237,2.0592,2.5779,3.7882,0.4635,2.8648,3.2363,0.5543,5.5620,1.4704,1.2395,3.4989,4.2005,1.3829,1.7465,5.2830,4.7100,4.0535,4.0793,5.6511,2.9950,0.2362,2.5190,5.4155,3.6886,2.7155,2.4968,0.7801,2.1923,5.0511,1.2713,3.6084,3.4665,2.1993,3.9658,0.4817,5.1295,0.9034,1.8145,1.3641,2.6639,3.5063,0.5889,0.6514,1.9934,5.8908,1.4790,1.5937,0.7293,2.9882,5.8045,4.5562
HEADER,Raster Number, RF Direction,Polarization,Date,Time,
,5,Rx,Horizontal,2019/03/06,21:27:13
position BS1 -5.000, position BS2 -5.000, position RT1 0.000
AO settings - 0.7612,0.7831,3.1517,0.0700,5.6244,2.6464,3.5506,0.7228,5.1887,3.6041,3.8393,1.6917,0.8305,2.9229,3.8991,2.8896,5.1747,1.9940,4.6326,2.6789,4.4590,1.8856,3.9576,2.7442,2.0910,4.1053,5.1209,0.2809,0.5642,2.9403,1.7066,2.2904,2.7394,1.1747,5.0813,3.2465,1.6628,0.1085,2.3739,1.2223,3.8391,3.2772,4.1178,4.2992,5.4931,0.9412,4.1144,2.8138,2.2507,3.8789,1.8956,3.7817,5.8385,3.6630,0.0878,3.5187,3.0759,0.6445,1.9858,1.2239,0.3564,3.0612,4.5120,2.8004
HEADER,Raster Number, RF Direction,Polarization,Date,Time,
,5,Rx,Horizontal,2019/03/06,21:27:14
position BS1 -5.000, position BS2 -5.000, position RT1 0.000
AO settings - 1.3497,1.7608,3.1194,5.8087,0.9903,0.8848,2.8265,4.7293,0.6247,0.6447,0.0277,5.8307,4.4959,0.2946,4.8633,0.9150,3.0508,5.4344,4.2476,0.4238,3.3371,2.9808,3.5087,0.6663,0.7958,5.1826,5.9977,3.7659,1.8423,0.2608,3.6717,3.5987,2.0123,0.7461,4.6201,5.2251,5.4174,5.6087,5.8737,0.0080,5.7839,5.6637,0.2119,4.7935,5.4018,4.8858,4.0573,5.2043,0.4713,3.6790,5.1644,4.8571,4.3262,1.4226,5.4747,1.0133,0.7673,2.3676,2.7547,4.5505,0.5256,1.6143,2.2697,0.9936
HEADER,Raster Number, RF Direction,Polarization,Date,Time,
,5,Rx,Horizontal,2019/03/06,21:27:14
position BS1 -5.000, position BS2 -5.000, position RT1 0.000
AO settings - 1.9399,1.4269,2.4248,4.9207,4.7101,3.7920,3.1176,0.3554,3.8854,5.9423,5.1193,0.7832,0.2388,3.7147,2.0972,2.3974,4.1367,1.1769,3.5588,1.7058,4.1140,2.7691,1.7382,5.7404,5.3055,3.0371,4.7427,4.6394,2.0560,5.9979,3.6442,1.6314,5.1792,3.5714,5.2247,1.8098,3.4797,4.8818,1.1514,3.3464,2.1594,4.1944,3.4856,4.8599,2.4016,4.6955,0.3470,3.9191,5.0375,5.0006,3.1882,4.9204,1.4633,0.7688,4.6985,5.7895,3.6585,3.6880,3.1063,4.1075,2.9247,3.6908,0.3074,4.5530
HEADER,Raster Number, RF Direction,Polarization,Date,Time,
,5,Rx,Horizontal,2019/03/06,21:27:15
position BS1 -5.000, position BS2 -5.000, position RT1 0.000
AO settings - 5.4516,4.9018,5.2799,4.7634,0.6197,0.4791,1.1718,4.9248,4.2470,5.0352,1.7738,5.3674,3.0385,3.4962,3.9232,3.9121,0.0191,2.3304,0.2470,2.0697,0.7095,3.4521,0.8483,3.4902,5.0898,5.2678,3.8127,1.4393,5.3661,2.4938,0.3452,1.3135,2.3746,2.4236,5.1242,4.6625,2.4313,3.6772,4.4423,2.2200,0.8122,4.1516,5.1146,4.3166,0.1981,5.1963,4.9192,3.2703,2.1007,2.4434,1.5972,3.2268,3.9964,3.7461,2.4009,1.0633,5.3767,5.0929,4.6688,0.3095,1.1985,5.0976,1.1648,3.2179
HEADER,Raster Number, RF Direction,Polarization,Date,Time,
,5,Rx,Horizontal,2019/03/06,21:27:16
position BS1 -5.000, position BS2 -5.000, position RT1 0.000
AO settings - 4.1786,4.9127,2.6923,4.7586,1.2456,0.1115,1.8910,5.0107,0.4032,0.8473,5.4660,5.0840,0.3010,4.8714,3.5676,4.2291,1.9158,2.9168,2.4285,0.1155,0.5848,0.7256,3.3184,4.7378,5.4603,2.6888,1.8497,3.2496,3.1278,4.3916,0.2494,4.6818,2.9650,5.4571,5.3772,5.2783,4.7183,1.2984,4.7554,1.6808,4.2364,5.8188,2.8796,1.3920,2.8801,3.8258,3.0277,0.4383,3.6665,2.2662,1.3027,2.6385,4.8017,1.2897,1.9217,2.0925,3.7319,0.9537,4.0501,2.8499,2.1881,5.3333,2.5941,5.8633
HEADER,Raster Number, RF Direction,Polarization,Date,Time,
,5,Rx,Horizontal,2019/03/06,21:27:16
position BS1 -5.000, position BS2 -5.000, position RT1 0.000
AO settings - 1.6315,0.5957,2.2048,5.1295,5.5263,1.1771,2.4003,2.9120,2.2532,1.1731,1.7963,5.9916,4.3104,0.9930,5.0060,3.9083,4.6231,4.3782,5.1497,3.7253,5.0145,2.1556,5.5684,4.7334,4.5035,5.2206,0.1373,1.5281,5.1027,5.8816,4.7729,3.4870,1.9997,4.9770,1.4315,5.2997,3.1907,0.5797,2.4873,1.2917,2.1119,4.8188,4.7729,0.7932,5.2750,3.2977,5.3243,0.9400,4.6438,3.4440,1.6480,4.4661,4.3611,0.4809,0.7711,0.6184,5.8103,0.9794,3.4996,4.7177,3.7080,2.1120,5.2984,3.8597
HEADER,Raster Number, RF Direction,Polarization,Date,Time,
,5,Rx,Horizontal,2019/03/06,21:27:17
position BS1 -5.000, position BS2 -5.000, position RT1 0.000
AO settings - 3.7506,1.0124,3.3162,3.4740,4.7579,4.3136,4.1007,5.7204,3.3487,1.1400,1.2131,5.1044,3.0686,0.7416,0.5329,3.1460,0.5545,1.5104,2.0634,0.3292,0.9310,1.0947,3.5252,5.0635,4.2105,1.5567,5.2055,1.0963,2.3756,2.0755,4.1802,5.0853,5.4314,5.9978,0.9894,0.3732,3.6632,0.7271,3.6522,2.2838,5.5185,3.9134,5.8020,1.8350,3.7458,1.2072,0.1122,5.0887,2.0736,0.3201,2.5351,1.5019,2.4554,0.7204,0.5629,1.5711,2.9368,5.3676,3.6495,5.2966,1.9510,3.4684,0.7148,1.3100
HEADER,Raster Number, RF Direction,Polarization,Date,Time,
,5,Rx,Horizontal,2019/03/06,21:27:17
position BS1 -5.000, position BS2 -5.000, position RT1 0.000
AO settings - 2.3860,0.8585,4.7167,0.9458,5.0690,5.7922,4.2603,0.4003,0.4509,0.7513,5.4744,3.4437,0.9663,1.7240,2.6453,2.3768,1.6630,3.2871,5.2266,1.6864,5.1727,2.3488,2.6624,4.9923,1.6522,1.3738,1.6300,2.5943,5.3740,0.7140,2.9380,1.5087,0.7807,2.6521,3.5015,5.6808,3.8780,1.6106,0.4785,1.0054,3.4484,1.5380,4.0672,5.3956,4.7150,2.5942,1.1352,2.9254,5.3908,1.0520,0.7826,1.1121,2.9793,2.3370,5.3073,0.7672,1.8496,1.2206,2.9711,5.6468,5.1640,5.1424,5.9565,0.6443
HEADER,Raster Number, RF Direction,Polarization,Date,Time,
,5,Rx,Horizontal,2019/03/06,21:27:18
position BS1 -5.000, position BS2 -5.000, position RT1 0.000
AO settings - 2.8262,1.4583,4.6395,4.6725,5.6477,3.7931,3.2305,4.4388,5.7639,1.1834,4.2109,3.1686,1.5896,0.2281,5.2984,2.1207,1.5180,3.4818,2.9344,1.4844,4.8545,4.5738,3.5375,3.8735,3.6785,0.9509,5.8189,5.5479,3.6934,4.1931,0.9272,0.4242,2.4776,4.1094,4.1498,2.1333,2.7868,1.6379,3.5644,0.1108,5.4885,3.8676,0.3730,1.9028,5.6543,5.5399,5.0080,2.3167,5.6560,5.8160,5.4699,3.4523,5.5713,1.0721,3.6012,2.6698,1.0033,2.1980,3.2982,3.6286,2.2789,2.7264,4.6642,4.2077
HEADER,Raster Number, RF Direction,Polarization,Date,Time,
,5,Rx,Horizontal,2019/03/06,21:27:19
position BS1 -5.000, position BS2 -5.000, position RT1 0.000
AO settings - 2.5027,1.4055,5.6835,0.4380,3.5029,0.3598,5.2540,0.2216,0.1500,5.2444,2.2940,1.2422,2.8372,3.9863,5.7724,3.1278,1.3650,3.5240,0.1936,5.8475,0.1143,2.5349,2.4971,2.1286,2.7676,5.8170,0.2534,0.9245,2.8913,0.3316,4.8795,3.6464,4.1965,4.4089,3.2660,3.3889,0.7381,4.7183,4.9103,0.1311,0.3714,1.1593,0.2111,4.5964,1.9275,4.8486,3.7457,0.5914,4.0415,0.9315,5.9575,4.5848,4.2266,4.2155,0.7582,0.5897,3.3853,2.9266,4.1876,2.6078,1.1033,5.7183,0.6064,0.8036
HEADER,Raster Number, RF Direction,Polarization,Date,Time,
,5,Rx,Horizontal,2019/03/06,21:27:19
position BS1 -5.000, position BS2 -5.000, position RT1 0.000
AO settings - 0.5090,4.1044,5.2822,0.2031,5.2469,0.7389,4.3929,1.3430,5.2010,4.9890,4.0877,2.3879,5.4431,4.1481,2.5904,3.5553,2.7840,4.3400,3.5849,4.2358,1.9784,1.8293,3.0919,0.7619,0.3367,1.9070,4.8195,5.0214,1.3237,5.6656,2.1248,3.5765,2.9754,2.8701,0.9629,3.9553,4.5081,1.9721,4.6901,3.1480,0.3692,1.3885,4.7956,2.3207,5.3101,5.3246,0.6222,1.9653,1.7180,0.4019,2.0745,5.1919,2.2490,3.3629,1.2351,2.9787,1.1462,4.2698,5.7302,5.3195,4.3651,2.6536,0.2467,0.3138
HEADER,Raster Number, RF Direction,Polarization,Date,Time,
,5,Rx,Horizontal,2019/03/06,21:27:20
position BS1 -5.000, position BS2 -5.000, position RT1 0.000
AO settings - 3.8706,0.0701,4.2777,0.4087,3.1425,2.4874,3.2150,1.2274,2.9028,4.2761,2.9565,4.4324,0.6056,5.5353,3.7551,1.7728,0.2677,2.5335,0.0512,1.3509,1.8283,4.0307,0.9323,1.5039,3.4237,0.8904,4.1827,1.2021,5.6319,3.8594,5.4363,5.5648,0.7857,3.8720,0.7614,3.4166,5.8389,1.8076,3.5977,3.0274,5.5101,4.8512,5.8523,4.0933,5.2230,1.5336,3.7800,2.4544,0.7604,0.7525,0.0021,3.4540,3.5437,3.1301,3.6216,1.2281,0.8893,1.1148,5.3418,3.8817,2.6865,0.5558,4.1272,2.6274
HEADER,Raster Number, RF Direction,Polarization,Date,Time,
,5,Rx,Horizontal,2019/03/06,21:27:20
position BS1 -5.000, position BS2 -5.000, position RT1 0.000
AO settings - 3.0063,3.5651,1.2928,2.9264,1.0913,5.6440,4.1979,1.7440,3.6422,0.0768,4.2409,1.6209,3.6987,2.0275,4.3682,2.2086,3.7263,4.3020,3.0712,4.8148,3.5988,5.3001,2.5567,3.6081,1.4527,1.0482,4.4049,1.8991,3.9768,3.1680,1.9671,5.6811,1.9599,1.6717,3.7602,2.5726,1.7067,2.3082,5.9931,0.8284,0.0799,0.0423,4.7803,2.3019,2.6511,1.3193,4.4459,4.7114,5.7798,5.4021,5.8596,3.0403,3.9826,2.5896,2.7694,2.5347,0.1841,4.0881,3.2993,1.6376,0.2927,5.0227,0.6596,1.5143
HEADER,Raster Number, RF Direction,Polarization,Date,Time,
,5,Rx,Horizontal,2019/03/06,21:27:21
position BS1 -5.000, position BS2 -5.000, position RT1 0.000
AO settings - 2.3619,0.2376,0.3266,0.7701,1.8562,3.8721,5.1736,4.8079,4.3451,4.3492,5.6360,2.1058,0.8583,5.3218,1.4438,4.2384,5.0095,1.7956,1.2810,3.5255,3.7020,2.4245,2.7869,3.0078,3.8908,0.2537,4.4060,3.4459,5.9799,4.2135,2.6167,2.6373,0.6288,1.1947,2.6429,1.3788,0.2705,0.6244,4.4340,4.5751,0.4310,1.6574,5.2470,1.4582,3.0919,4.1009,2.6772,4.9194,1.9209,2.9948,4.6773,0.1835,0.1690,1.0309,0.0101,2.2286,1.5117,5.9965,3.8112,0.3385,0.6708,3.9977,4.1429,0.9897
HEADER,Raster Number, RF Direction,Polarization,Date,Time,
,5,Rx,Horizontal,2019/03/06,21:27:22
position BS1 -5.000, position BS2 -5.000, position RT1 0.000
AO settings - 5.6853,4.9229,3.9785,3.3228,3.1405,3.6855,3.1563,3.8527,1.3148,2.8782,4.0190,4.4505,1.6007,2.0188,0.4889,1.5024,3.6623,0.7810,3.5378,1.2656,3.1443,1.8241,4.3494,1.3220,1.1165,3.2691,3.3666,2.3078,4.4905,3.9635,4.6912,1.9526,5.6004,1.1848,2.4381,1.5129,5.1021,1.4446,4.5505,3.3775,4.2616,0.6393,0.5474,3.5745,1.6068,5.3979,5.0683,1.4276,2.2508,3.4013,1.0355,1.0409,0.2746,5.8024,4.5361,4.1022,3.7557,1.4094,4.6595,4.7591,3.2257,3.9366,3.6103,3.9722
HEADER,Raster Number, RF Direction,Polarization,Date,Time,
,5,Rx,Horizontal,2019/03/06,21:27:22
position BS1 -5.000, position BS2 -5.000, position RT1 0.000
AO settings - 0.0781,4.1182,2.1833,3.0728,1.1473,2.8990,2.2397,5.9992,2.5711,3.4147,1.6339,5.1038,2.2928,3.9098,4.4178,5.5409,5.4568,3.6634,4.1689,2.2167,4.2980,0.8066,1.2666,2.9174,1.5628,0.0868,0.4359,4.2651,2.0466,3.7602,0.7189,5.1082,0.9856,3.3712,5.5599,3.9828,1.7700,2.0980,0.3018,1.5609,0.8497,0.2897,1.0773,0.8881,3.7551,5.2469,2.3722,3.9110,2.5436,3.9700,1.8382,4.5698,3.6606,5.4601,0.7597,1.2903,1.6769,2.7625,4.4473,4.5588,4.4246,3.5814,0.1718,5.9149
HEADER,Raster Number, RF Direction,Polarization,Date,Time,
,5,Rx,Horizontal,2019/03/06,21:27:23
position BS1 -5.000, position BS2 -5.000, position RT1 0.000
AO settings - 5.2225,3.8277,4.2705,5.3267,0.5449,1.4764,0.7451,5.8687,4.9106,3.8454,2.5018,5.6572,0.5694,0.7325,3.3656,5.1044,0.8354,2.6602,1.5854,5.5025,3.7212,4.5604,2.0216,1.0815,0.2412,0.3786,1.0471,2.7595,0.1606,0.7507,2.3667,5.9414,2.7054,1.1331,4.7692,5.6393,5.7462,3.9064,4.3079,1.8931,2.6516,1.6108,0.6240,0.4803,2.2565,5.1468,0.8200,4.1599,0.9199,5.4346,0.1985,1.4746,3.0798,2.8914,5.9212,2.7542,5.5492,0.7516,0.1287,1.0025,5.1303,5.2651,0.1065,0.9486
HEADER,Raster Number, RF Direction,Polarization,Date,Time,
,5,Rx,Horizontal,2019/03/06,21:27:23
position BS1 -5.000, position BS2 -5.000, position RT1 0.000
AO settings - 1.8346,3.5040,3.1557,5.9389,4.3731,4.9281,5.0724,4.9293,2.7361,0.3770,1.2647,2.2017,2.4143,3.3922,5.3100,1.5122,2.8905,1.6557,3.6312,5.4797,4.7909,0.2619,3.2120,3.3821,5.5038,1.0400,5.7342,4.0185,0.5081,4.4069,3.0543,5.7172,3.6384,3.8212,0.4158,0.1200,0.9835,3.4420,4.8880,5.7169,3.3159,5.6388,0.1817,4.2554,5.8326,2.4526,4.1728,4.9201,4.7026,0.7773,0.4036,3.7611,4.2591,0.4333,3.4715,3.6792,0.8409,5.7312,0.8558,3.7825,5.6602,4.9039,0.2094,4.3251
HEADER,Raster Number, RF Direction,Polarization,Date,Time,
,5,Rx,Horizontal,2019/03/06,21:27:24
position BS1 -5.000, position BS2 -5.000, position RT1 0.000
AO settings - 0.7924,4.2860,4.0639,3.7072,2.6553,1.7979,1.3404,3.6790,4.7728,2.6205,0.6592,4.0861,0.0044,0.5240,0.1450,4.7805,5.3520,1.8608,3.7472,5.5268,2.6059,4.4176,5.4640,3.5113,0.6374,2.9195,2.4254,5.3093,2.4536,1.3593,5.4086,2.6009,0.3134,1.2160,3.5911,4.5498,2.9144,0.6510,4.3275,1.4459,1.1289,5.4764,0.6757,0.6322,5.7523,1.6953,1.1195,1.8240,4.9803,4.5246,3.8245,5.1213,2.0175,4.8381,5.8945,1.9891,3.3971,3.5301,4.1297,0.8786,4.5642,3.2700,0.7974,5.8947
HEADER,Raster Number, RF Direction,Polarization,Date,Time,
,5,Rx,Horizontal,2019/03/06,21:27:25
position BS1 -5.000, position BS2 -5.000, position RT1 0.000
AO settings - 2.8784,1.1073,2.7985,0.2480,1.9523,3.4071,5.5799,5.8066,5.0351,1.9801,1.7130,2.4618,4.4581,2.6727,0.5511,2.9359,0.7999,5.5618,4.8368,5.0322,2.3309,3.0588,4.8661,5.7560,0.0582,5.5269,3.0844,0.3888,1.4468,2.4765,0.1373,2.1667,0.4462,0.0507,3.5373,0.6687,0.2625,2.9356,2.8642,2.2812,4.3967,5.4307,2.5502,5.2831,0.7799,5.6205,3.9705,1.7766,1.4769,4.6148,4.6851,0.5495,1.4308,3.7190,0.9052,4.7555,1.2158,1.5066,1.9803,2.7733,0.5021,0.6261,3.8061,4.6078
HEADER,Raster Number, RF Direction,Polarization,Date,Time,
,5,Rx,Horizontal,2019/03/06,21:27:25
position BS1 -5.000, position BS2 -5.000, position RT1 0.000
AO settings - 3.8059,3.7743,1.2347,2.9578,3.3404,1.4798,1.3740,2.7485,0.8801,5.4556,4.7555,5.9278,0.9826,0.0015,0.7655,5.5315,2.2699,3.4073,3.0141,3.7367,0.0171,5.3944,4.5069,1.3942,5.7422,4.2128,4.3902,4.2745,5.2450,5.7342,4.7916,2.4444,3.7562,1.0226,2.4735,5.4152,1.6344,5.7450,2.3764,4.1443,4.2094,4.6856,3.9497,1.4634,3.1254,2.3189,2.7084,0.2536,4.9432,4.3849,0.3256,2.0978,5.2300,3.1416,0.2625,2.0318,2.0078,5.0163,1.5931,2.9311,4.5064,5.6397,5.9045,2.5239
HEADER,Raster Number, RF Direction,Polarization,Date,Time,
,5,Rx,Horizontal,2019/03/06,21:27:26
position BS1 -5.000, position BS2 -5.000, position RT1 0.000
AO settings - 2.8397,4.2112,0.8250,4.3843,0.6070,4.7013,3.3306,4.4881,5.1458,1.3824,0.2178,5.2388,1.9611,2.4441,3.3270,5.6402,0.1485,0.7788,5.6155,2.4076,0.7684,4.2779,5.0902,4.7498,3.2456,5.1590,1.2437,1.0034,5.8346,1.3092,4.5623,5.2956,5.6584,1.8316,5.9820,4.4356,2.3454,4.9481,2.4018,5.5830,3.8318,0.0995,4.9063,0.2647,3.9061,5.2848,1.4785,0.3844,1.3344,4.8822,2.3307,5.5115,2.8736,1.9036,5.9412,1.5891,5.0848,1.7397,2.0639,0.1943,0.9598,5.8998,3.5074,2.4640
HEADER,Raster Number, RF Direction,Polarization,Date,Time,
,5,Rx,Horizontal,2019/03/06,21:27:29
position BS1 -5.000, position BS2 -5.000, position RT1 0.000
AO settings - 5.2427,3.4223,0.4586,3.1842,5.1808,3.1737,2.6851,1.9752,4.1920,2.7755,0.6782,3.0305,2.4596,1.2192,0.7641,3.0890,0.1440,5.1917,0.1911,0.1027,4.7080,2.2523,5.5530,2.6874,3.9020,3.1742,5.1295,3.3005,0.8009,1.3952,2.0144,0.7863,1.6711,2.7847,0.3236,2.8599,0.1439,4.6752,4.6996,5.2303,4.8660,2.3813,0.8156,2.4646,1.1678,0.8375,2.5018,0.2958,3.9782,5.2682,5.5034,0.9256,5.3434,1.9342,1.0461,3.8291,1.5845,2.7295,4.0731,1.3531,4.4949,5.7285,1.9009,1.2727
HEADER,Raster Number, RF Direction,Polarization,Date,Time,
,5,Rx,Horizontal,2019/03/06,21:27:30
position BS1 -5.000, position BS2 -5.000, position RT1 0.000
AO settings - 4.4240,1.2245,1.6516,1.8373,2.3798,1.0230,5.4880,5.2387,1.3387,2.6389,2.5899,0.2918,1.9626,5.0740,3.7989,2.4237,4.2246,0.4379,1.2581,5.3311,2.0656,4.4022,5.5161,1.7051,2.2567,1.4924,4.5584,4.6414,3.7823,1.3187,5.9724,2.7639,0.2396,5.4287,3.9415,5.9717,1.1610,1.2150,5.9489,5.5119,2.3599,1.2636,5.9630,3.9596,2.3405,5.1160,3.0033,0.2829,2.2890,0.9935,1.6205,5.5822,2.9920,3.0856,4.9848,5.3839,2.7881,2.6102,3.5972,1.5974,0.4687,0.4919,3.9745,3.9590
HEADER,Raster Number, RF Direction,Polarization,Date,Time,
,5,Rx,Horizontal,2019/03/06,21:27:31
position BS1 -5.000, position BS2 -5.000, position RT1 0.000
AO settings - 0.8166,3.1503,2.8175,3.8962,0.7141,3.4857,0.5410,4.8441,4.7554,0.8954,5.5931,4.7978,3.4954,1.8149,3.4117,2.5603,4.3566,3.0484,1.0430,2.6377,1.8830,3.9851,5.0240,5.0325,4.8498,3.7103,4.0790,5.6403,5.2855,0.5925,0.0951,0.6476,2.0758,3.3815,0.9311,2.9860,4.5898,0.7607,2.6555,1.1785,1.6446,2.2068,4.5056,4.8961,4.6706,2.1567,1.9691,4.6021,4.1743,3.3061,0.2175,1.5697,0.1122,4.4511,5.9209,5.5684,4.7472,2.8888,0.6196,3.5778,2.0249,2.0913,4.7941,0.1745
HEADER,Raster Number, RF Direction,Polarization,Date,Time,
,5,Rx,Horizontal,2019/03/06,21:27:31
position BS1 -5.000, position BS2 -5.000, position RT1 0.000
AO settings - 5.1383,5.3550,5.9462,1.3150,3.9636,0.8956,3.1675,5.6653,3.5097,5.6285,0.5803,4.7911,5.7873,3.5847,5.5495,0.9850,1.7222,1.5845,3.6645,2.8044,5.8003,2.6180,4.5534,5.7246,5.1491,1.6972,5.4788,0.2459,4.1463,4.0096,4.1266,2.2083,1.0077,5.9617,4.1939,1.3355,4.7393,5.0001,5.4438,0.9849,0.6620,5.3601,1.1742,1.1508,2.8092,1.4773,3.2458,3.4824,0.5904,0.0772,5.1895,3.9267,0.9481,2.2440,0.2037,5.8023,1.2218,0.9270,4.3267,0.5824,0.2793,3.4485,3.7929,5.7226
HEADER,Raster Number, RF Direction,Polarization,Date,Time,
,5,Rx,Horizontal,2019/03/06,21:27:32
position BS1 -5.000, position BS2 -5.000, position RT1 0.000
AO settings - 5.3913,4.4996,0.3077,3.6075,5.2180,4.7554,5.3212,0.6238,1.6156,5.9199,1.4955,1.8458,5.4626,5.1680,0.3956,3.2738,0.7895,2.2893,3.0746,3.9011,3.8377,4.3925,3.8495,0.4732,4.8376,5.3092,3.9453,0.2618,0.4207,0.7026,3.2945,2.1231,0.4329,5.2842,2.5454,3.7194,1.2203,0.7107,2.1855,5.1129,4.6209,4.0528,3.4922,1.4016,5.8999,2.7827,5.1621,1.9378,3.9738,3.0073,3.6876,4.8442,2.1788,1.0519,1.1601,5.2114,3.7946,1.3292,1.7008,1.6511,3.1121,0.8397,5.1832,2.3754
HEADER,Raster Number, RF Direction,Polarization,Date,Time,
,5,Rx,Horizontal,2019/03/06,21:27:32
position BS1 -5.000, position BS2 -5.000, position RT1 0.000
AO settings - 5.8183,1.5534,4.7966,2.0822,2.1966,5.0461,5.1591,4.4515,3.5664,0.9433,3.0803,5.2569,0.3493,5.2180,1.2654,5.9945,0.8529,0.7800,0.1523,1.9632,0.1985,2.7166,1.8230,5.2333,1.7746,4.4762,2.9869,5.4920,4.5684,0.4085,2.1844,2.9385,4.0952,1.5491,1.2582,5.2056,3.6990,1.3583,1.0078,5.4983,5.2732,5.0986,2.0157,1.8032,3.7177,5.1417,4.4887,1.3456,5.3130,5.2814,0.9652,1.3203,0.7317,1.7290,5.6064,2.9495,5.8769,0.2642,4.9941,2.0016,5.5415,2.6431,2.1395,5.5296
ENDOFFILE